protocol_id,domain,stem,bridge_time_index,role,pca1,pca2,eigenvalue_1,eigenvalue_2
unsb-sixdomain-expanded-phase-field-v1,FoggyCityscapes,FoggyCityscapes__0425,2,AIO e1,-0.449057983587546,0.745928354011344,1.7032469921120263,0.8004574755594414
unsb-sixdomain-expanded-phase-field-v1,FoggyCityscapes,FoggyCityscapes__0425,2,Single e1,1.1170080387591546,0.2081424337329344,1.7032469921120263,0.8004574755594414
unsb-sixdomain-expanded-phase-field-v1,FoggyCityscapes,FoggyCityscapes__0425,2,Single e2,-0.0432189025716632,-0.1794755993664217,1.7032469921120263,0.8004574755594414
unsb-sixdomain-expanded-phase-field-v1,FoggyCityscapes,FoggyCityscapes__0425,2,Single e3,0.1654709195524059,-0.2245387228913812,1.7032469921120263,0.8004574755594414
unsb-sixdomain-expanded-phase-field-v1,FoggyCityscapes,FoggyCityscapes__0425,2,Single e4,-0.2920397349224594,-0.0951839036551308,1.7032469921120263,0.8004574755594414
unsb-sixdomain-expanded-phase-field-v1,FoggyCityscapes,FoggyCityscapes__0425,2,Single e5,-0.3364550725793722,-0.1746088949925664,1.7032469921120263,0.8004574755594414
unsb-sixdomain-expanded-phase-field-v1,FoggyCityscapes,FoggyCityscapes__0425,2,Single e6,-0.1617072646505185,-0.2802636668387767,1.7032469921120263,0.8004574755594414
unsb-sixdomain-expanded-phase-field-v1,LowLightTrafficData,LowLightTrafficData__496,2,AIO e1,-0.4782583033706062,-0.0164060304394812,0.2699293891841763,0.0719066101243208
unsb-sixdomain-expanded-phase-field-v1,LowLightTrafficData,LowLightTrafficData__496,2,Single e1,0.063378994443993,0.1755489963410274,0.2699293891841763,0.0719066101243208
unsb-sixdomain-expanded-phase-field-v1,LowLightTrafficData,LowLightTrafficData__496,2,Single e2,0.0635113368230961,0.0521810786031897,0.2699293891841763,0.0719066101243208
unsb-sixdomain-expanded-phase-field-v1,LowLightTrafficData,LowLightTrafficData__496,2,Single e3,0.1040239394880526,0.0060889496232442,0.2699293891841763,0.0719066101243208
unsb-sixdomain-expanded-phase-field-v1,LowLightTrafficData,LowLightTrafficData__496,2,Single e4,0.0604690682118486,0.046906590802597,0.2699293891841763,0.0719066101243208
unsb-sixdomain-expanded-phase-field-v1,LowLightTrafficData,LowLightTrafficData__496,2,Single e5,0.0688490373342762,-0.1106259568590576,0.2699293891841763,0.0719066101243208
unsb-sixdomain-expanded-phase-field-v1,LowLightTrafficData,LowLightTrafficData__496,2,Single e6,0.1180259270693395,-0.1536936280715194,0.2699293891841763,0.0719066101243208
unsb-sixdomain-expanded-phase-field-v1,RainCityscapes,RainCityscapes__0409,2,AIO e1,-0.4401522969958263,-0.8983271834006891,2.171852385323968,1.0818397430782307
unsb-sixdomain-expanded-phase-field-v1,RainCityscapes,RainCityscapes__0409,2,Single e1,-1.1909003766107955,0.4335568153334959,2.171852385323968,1.0818397430782307
unsb-sixdomain-expanded-phase-field-v1,RainCityscapes,RainCityscapes__0409,2,Single e2,0.1854683991234555,0.2592066845041874,2.171852385323968,1.0818397430782307
unsb-sixdomain-expanded-phase-field-v1,RainCityscapes,RainCityscapes__0409,2,Single e3,0.3179825379926759,0.0944377347326301,2.171852385323968,1.0818397430782307
unsb-sixdomain-expanded-phase-field-v1,RainCityscapes,RainCityscapes__0409,2,Single e4,0.3591015493073831,-0.0213091476260541,2.171852385323968,1.0818397430782307
unsb-sixdomain-expanded-phase-field-v1,RainCityscapes,RainCityscapes__0409,2,Single e5,0.3767327584701899,0.0940231621141581,2.171852385323968,1.0818397430782307
unsb-sixdomain-expanded-phase-field-v1,RainCityscapes,RainCityscapes__0409,2,Single e6,0.3917674287129157,0.0384119343422709,2.171852385323968,1.0818397430782307
unsb-sixdomain-expanded-phase-field-v1,RainDS-syn,RainDS-syn__024,2,AIO e1,-1.4436764944962344,-0.0359280642871583,2.4382708522528125,0.8217429121698138
unsb-sixdomain-expanded-phase-field-v1,RainDS-syn,RainDS-syn__024,2,Single e1,0.2764468800539769,-0.5372689366108814,2.4382708522528125,0.8217429121698138
unsb-sixdomain-expanded-phase-field-v1,RainDS-syn,RainDS-syn__024,2,Single e2,0.2702628829428485,-0.4583564254633709,2.4382708522528125,0.8217429121698138
unsb-sixdomain-expanded-phase-field-v1,RainDS-syn,RainDS-syn__024,2,Single e3,0.2542499775839985,0.0662013573128673,2.4382708522528125,0.8217429121698138
unsb-sixdomain-expanded-phase-field-v1,RainDS-syn,RainDS-syn__024,2,Single e4,0.2267175331229959,0.2666849268795979,2.4382708522528125,0.8217429121698138
unsb-sixdomain-expanded-phase-field-v1,RainDS-syn,RainDS-syn__024,2,Single e5,0.1761204532011681,0.3819848011359052,2.4382708522528125,0.8217429121698138
unsb-sixdomain-expanded-phase-field-v1,RainDS-syn,RainDS-syn__024,2,Single e6,0.2398787675912448,0.31668234103304,2.4382708522528125,0.8217429121698138
unsb-sixdomain-expanded-phase-field-v1,RSCityscapes,RSCityscapes__0763,2,AIO e1,-0.2273647884032981,0.6613243813654588,2.116570583524384,0.5797891538375276
unsb-sixdomain-expanded-phase-field-v1,RSCityscapes,RSCityscapes__0763,2,Single e1,1.3428312360377623,0.0118460334557111,2.116570583524384,0.5797891538375276
unsb-sixdomain-expanded-phase-field-v1,RSCityscapes,RSCityscapes__0763,2,Single e2,-0.1614392784188114,-0.0919599703579986,2.116570583524384,0.5797891538375276
unsb-sixdomain-expanded-phase-field-v1,RSCityscapes,RSCityscapes__0763,2,Single e3,-0.2751629843228023,-0.0082247218518232,2.116570583524384,0.5797891538375276
unsb-sixdomain-expanded-phase-field-v1,RSCityscapes,RSCityscapes__0763,2,Single e4,-0.2777694308826898,-0.0972048236012421,2.116570583524384,0.5797891538375276
unsb-sixdomain-expanded-phase-field-v1,RSCityscapes,RSCityscapes__0763,2,Single e5,-0.2345212044466476,-0.1632509958631526,2.116570583524384,0.5797891538375276
unsb-sixdomain-expanded-phase-field-v1,RSCityscapes,RSCityscapes__0763,2,Single e6,-0.1665735495635124,-0.312529903146953,2.116570583524384,0.5797891538375276
unsb-sixdomain-expanded-phase-field-v1,SnowTrafficData,SnowTrafficData__0264,2,AIO e1,-0.9073046642199945,0.5071119467061069,1.5815138321204492,1.013064331370676
unsb-sixdomain-expanded-phase-field-v1,SnowTrafficData,SnowTrafficData__0264,2,Single e1,0.6853386825422976,0.6380983196677391,1.5815138321204492,1.013064331370676
unsb-sixdomain-expanded-phase-field-v1,SnowTrafficData,SnowTrafficData__0264,2,Single e2,0.1683422676078017,0.008543177717323,1.5815138321204492,1.013064331370676
unsb-sixdomain-expanded-phase-field-v1,SnowTrafficData,SnowTrafficData__0264,2,Single e3,0.105230279441841,-0.3589831168280357,1.5815138321204492,1.013064331370676
unsb-sixdomain-expanded-phase-field-v1,SnowTrafficData,SnowTrafficData__0264,2,Single e4,-0.1651218930161538,-0.3150198287990405,1.5815138321204492,1.013064331370676
unsb-sixdomain-expanded-phase-field-v1,SnowTrafficData,SnowTrafficData__0264,2,Single e5,0.3850123922596481,-0.1875650574053341,1.5815138321204492,1.013064331370676
unsb-sixdomain-expanded-phase-field-v1,SnowTrafficData,SnowTrafficData__0264,2,Single e6,-0.2714970646154396,-0.2921854410587584,1.5815138321204492,1.013064331370676
