variant	delta_db	ci_low	ci_high	positive_domains	verdict
hnek_g0.5_ref	-1.232843	-1.499757	-0.975635	0	STOP_E50_CLEAR_FAIL
hnek_g0.25	2.617316	2.351880	2.885277	4	PROCEED_DIRECT_TO_E200
hnek_g0.75	-1.313877	-1.503621	-1.121398	0	STOP_E50_CLEAR_FAIL
hnek_g1.0	0.785955	0.538221	1.035796	4	PROCEED_DIRECT_TO_E200
hnek_coord_y	3.148084	2.852841	3.441472	4	PROCEED_DIRECT_TO_E200
hnek_horizon_index	-2.582525	-2.954044	-2.208901	1	STOP_E50_CLEAR_FAIL
hnek_horizon_mix	0.786130	0.516163	1.059355	4	PROCEED_DIRECT_TO_E200
hnek_entropy_only	0.967119	0.741349	1.202221	5	PROCEED_DIRECT_TO_E200
hnek_endpoint_only	1.348399	1.135305	1.562566	4	PROCEED_DIRECT_TO_E200
