draw,mapping_accuracy
0,8
1,4
2,4
3,7
4,3
5,7
6,6
7,2
8,2
9,4
10,2
11,7
12,4
13,3
14,4
15,4
16,7
17,4
18,4
19,5
20,3
21,7
22,3
23,6
24,3
25,1
26,4
27,7
28,5
29,3
30,5
31,3
32,5
33,6
34,3
35,6
36,4
37,5
38,4
39,8
40,5
41,7
42,3
43,3
44,9
45,5
46,7
47,7
48,3
49,3
50,5
51,3
52,5
53,3
54,6
55,2
56,3
57,5
58,5
59,3
60,4
61,3
62,4
63,6
64,5
65,3
66,8
67,4
68,3
69,4
70,8
71,3
72,3
73,4
74,6
75,3
76,3
77,4
78,5
79,8
80,4
81,5
82,3
83,7
84,6
85,5
86,8
87,3
88,8
89,6
90,4
91,3
92,6
93,0
94,3
95,5
96,3
97,2
98,6
99,4
100,2
101,2
102,2
103,8
104,6
105,6
106,7
107,4
108,4
109,4
110,3
111,4
112,3
113,6
114,5
115,2
116,1
117,6
118,4
119,2
120,5
121,5
122,2
123,4
124,1
125,2
126,6
127,5
128,5
129,3
130,3
131,2
132,3
133,2
134,6
135,7
136,5
137,5
138,3
139,3
140,4
141,4
142,3
143,1
144,3
145,9
146,5
147,6
148,2
149,1
150,3
151,5
152,6
153,3
154,5
155,4
156,9
157,3
158,6
159,3
160,4
161,4
162,6
163,4
164,4
165,2
166,4
167,5
168,5
169,3
170,4
171,4
172,2
173,6
174,2
175,5
176,5
177,2
178,3
179,4
180,2
181,5
182,6
183,6
184,5
185,1
186,4
187,5
188,4
189,1
190,6
191,2
192,5
193,1
194,5
195,4
196,5
197,5
198,2
199,4
200,6
201,5
202,4
203,3
204,6
205,5
206,4
207,5
208,7
209,6
210,3
211,3
212,6
213,3
214,7
215,3
216,4
217,7
218,7
219,1
220,6
221,4
222,5
223,3
224,4
225,1
226,5
227,4
228,2
229,3
230,2
231,4
232,4
233,4
234,1
235,4
236,6
237,3
238,3
239,5
240,1
241,4
242,5
243,5
244,3
245,7
246,6
247,2
248,4
249,4
250,7
251,3
252,3
253,6
254,3
255,2
256,9
257,3
258,5
259,6
260,7
261,5
262,3
263,4
264,6
265,5
266,5
267,4
268,9
269,5
270,6
271,2
272,2
273,2
274,2
275,5
276,4
277,3
278,1
279,3
280,7
281,5
282,5
283,5
284,5
285,6
286,3
287,4
288,2
289,2
290,2
291,5
292,3
293,7
294,7
295,5
296,4
297,2
298,3
299,7
300,4
301,4
302,4
303,4
304,4
305,1
306,3
307,6
308,3
309,3
310,5
311,5
312,5
313,8
314,3
315,3
316,2
317,8
318,6
319,4
320,4
321,4
322,5
323,4
324,3
325,2
326,5
327,6
328,6
329,6
330,4
331,2
332,4
333,5
334,8
335,3
336,6
337,3
338,5
339,5
340,3
341,0
342,6
343,6
344,2
345,5
346,2
347,3
348,7
349,7
350,6
351,9
352,3
353,2
354,6
355,4
356,4
357,5
358,4
359,5
360,3
361,7
362,3
363,4
364,5
365,5
366,1
367,4
368,4
369,5
370,3
371,8
372,3
373,6
374,10
375,4
376,4
377,4
378,1
379,6
380,3
381,2
382,6
383,7
384,1
385,4
386,1
387,9
388,4
389,3
390,4
391,3
392,3
393,3
394,3
395,3
396,4
397,4
398,9
399,4
400,4
401,4
402,4
403,4
404,5
405,4
406,3
407,10
408,7
409,6
410,5
411,4
412,8
413,4
414,5
415,4
416,3
417,4
418,3
419,5
420,8
421,6
422,6
423,7
424,2
425,3
426,2
427,7
428,1
429,5
430,5
431,2
432,5
433,3
434,4
435,4
436,7
437,5
438,3
439,9
440,5
441,2
442,5
443,5
444,4
445,5
446,6
447,3
448,4
449,3
450,4
451,5
452,3
453,4
454,4
455,2
456,3
457,4
458,7
459,5
460,5
461,6
462,4
463,6
464,4
465,3
466,3
467,5
468,4
469,6
470,8
471,4
472,1
473,5
474,3
475,3
476,3
477,3
478,5
479,11
480,3
481,4
482,4
483,3
484,7
485,8
486,4
487,6
488,2
489,2
490,6
491,5
492,5
493,3
494,5
495,9
496,3
497,3
498,2
499,4
500,2
501,7
502,5
503,6
504,1
505,6
506,3
507,5
508,5
509,7
510,5
511,5
512,6
513,5
514,5
515,3
516,4
517,4
518,5
519,1
520,4
521,4
522,4
523,3
524,7
525,5
526,9
527,3
528,5
529,4
530,6
531,3
532,4
533,4
534,5
535,3
536,5
537,5
538,3
539,2
540,5
541,4
542,8
543,1
544,4
545,1
546,7
547,5
548,4
549,3
550,4
551,4
552,6
553,4
554,3
555,5
556,6
557,9
558,5
559,3
560,3
561,3
562,4
563,4
564,4
565,4
566,7
567,6
568,6
569,2
570,4
571,4
572,6
573,4
574,4
575,6
576,4
577,3
578,3
579,8
580,3
581,2
582,5
583,6
584,3
585,4
586,1
587,2
588,2
589,4
590,4
591,2
592,2
593,3
594,4
595,3
596,6
597,3
598,4
599,3
600,2
601,4
602,3
603,4
604,7
605,3
606,6
607,3
608,5
609,3
610,6
611,4
612,3
613,7
614,2
615,7
616,2
617,4
618,5
619,5
620,2
621,5
622,7
623,5
624,5
625,2
626,3
627,3
628,3
629,4
630,8
631,4
632,2
633,4
634,2
635,6
636,4
637,2
638,2
639,9
640,2
641,5
642,8
643,1
644,3
645,4
646,8
647,0
648,1
649,2
650,3
651,2
652,4
653,4
654,2
655,3
656,4
657,4
658,5
659,4
660,4
661,7
662,3
663,5
664,3
665,1
666,4
667,4
668,6
669,4
670,6
671,3
672,4
673,3
674,7
675,6
676,5
677,4
678,6
679,1
680,3
681,4
682,9
683,5
684,3
685,5
686,6
687,7
688,5
689,5
690,2
691,2
692,4
693,5
694,4
695,5
696,2
697,5
698,8
699,3
700,4
701,5
702,4
703,7
704,1
705,7
706,5
707,4
708,4
709,4
710,3
711,4
712,3
713,1
714,3
715,5
716,2
717,3
718,3
719,5
720,5
721,6
722,7
723,3
724,6
725,3
726,7
727,5
728,6
729,6
730,2
731,2
732,5
733,4
734,3
735,3
736,5
737,4
738,3
739,10
740,3
741,7
742,3
743,7
744,3
745,2
746,4
747,5
748,3
749,3
750,2
751,1
752,4
753,4
754,1
755,5
756,3
757,4
758,4
759,3
760,2
761,6
762,5
763,4
764,3
765,2
766,3
767,4
768,2
769,2
770,4
771,3
772,4
773,4
774,3
775,3
776,9
777,5
778,3
779,4
780,3
781,4
782,5
783,3
784,5
785,2
786,5
787,4
788,5
789,5
790,4
791,3
792,4
793,4
794,7
795,2
796,8
797,4
798,6
799,4
800,7
801,4
802,4
803,4
804,2
805,4
806,5
807,3
808,3
809,6
810,5
811,2
812,3
813,2
814,3
815,6
816,5
817,5
818,6
819,4
820,4
821,5
822,5
823,3
824,4
825,5
826,8
827,2
828,4
829,4
830,3
831,4
832,6
833,5
834,3
835,6
836,3
837,4
838,7
839,2
840,5
841,6
842,7
843,6
844,5
845,7
846,0
847,4
848,6
849,7
850,6
851,6
852,4
853,3
854,6
855,3
856,9
857,6
858,1
859,4
860,5
861,6
862,3
863,4
864,3
865,7
866,8
867,3
868,4
869,4
870,1
871,4
872,6
873,3
874,3
875,6
876,3
877,3
878,4
879,4
880,3
881,4
882,6
883,7
884,4
885,5
886,4
887,2
888,2
889,5
890,6
891,2
892,7
893,4
894,4
895,3
896,3
897,5
898,7
899,3
900,1
901,5
902,4
903,4
904,4
905,6
906,3
907,7
908,4
909,3
910,5
911,5
912,8
913,4
914,2
915,6
916,3
917,9
918,3
919,7
920,3
921,7
922,2
923,4
924,2
925,3
926,2
927,5
928,4
929,2
930,6
931,3
932,6
933,3
934,2
935,9
936,2
937,1
938,5
939,6
940,5
941,5
942,5
943,6
944,3
945,4
946,6
947,3
948,1
949,2
950,7
951,4
952,4
953,1
954,1
955,7
956,3
957,6
958,1
959,2
960,5
961,10
962,5
963,7
964,4
965,6
966,8
967,5
968,5
969,9
970,5
971,3
972,5
973,3
974,5
975,5
976,1
977,4
978,4
979,5
980,6
981,4
982,5
983,5
984,5
985,4
986,7
987,5
988,2
989,3
990,5
991,5
992,1
993,3
994,5
995,6
996,7
997,7
998,6
999,2
1000,0
1001,5
1002,6
1003,2
1004,3
1005,5
1006,5
1007,4
1008,4
1009,2
1010,10
1011,6
1012,4
1013,4
1014,5
1015,6
1016,5
1017,3
1018,2
1019,6
1020,3
1021,2
1022,5
1023,4
1024,3
1025,5
1026,5
1027,6
1028,5
1029,5
1030,1
1031,3
1032,2
1033,3
1034,2
1035,4
1036,2
1037,3
1038,3
1039,4
1040,1
1041,6
1042,4
1043,2
1044,4
1045,3
1046,1
1047,6
1048,4
1049,7
1050,3
1051,3
1052,6
1053,6
1054,2
1055,6
1056,2
1057,4
1058,7
1059,3
1060,6
1061,3
1062,6
1063,2
1064,4
1065,11
1066,5
1067,1
1068,5
1069,6
1070,8
1071,3
1072,4
1073,5
1074,4
1075,3
1076,2
1077,6
1078,4
1079,5
1080,5
1081,3
1082,6
1083,7
1084,2
1085,5
1086,2
1087,5
1088,6
1089,8
1090,6
1091,4
1092,4
1093,7
1094,5
1095,4
1096,4
1097,6
1098,4
1099,2
1100,5
1101,3
1102,7
1103,4
1104,4
1105,7
1106,7
1107,4
1108,7
1109,5
1110,7
1111,3
1112,3
1113,4
1114,1
1115,6
1116,2
1117,8
1118,5
1119,2
1120,2
1121,6
1122,5
1123,5
1124,4
1125,4
1126,0
1127,3
1128,3
1129,4
1130,3
1131,5
1132,5
1133,4
1134,2
1135,4
1136,1
1137,2
1138,6
1139,2
1140,6
1141,5
1142,2
1143,4
1144,11
1145,2
1146,5
1147,8
1148,4
1149,3
1150,8
1151,2
1152,0
1153,1
1154,7
1155,5
1156,4
1157,4
1158,2
1159,3
1160,2
1161,8
1162,6
1163,5
1164,2
1165,3
1166,4
1167,4
1168,5
1169,5
1170,3
1171,3
1172,3
1173,2
1174,2
1175,5
1176,4
1177,8
1178,7
1179,1
1180,3
1181,4
1182,2
1183,4
1184,3
1185,3
1186,4
1187,4
1188,6
1189,4
1190,4
1191,6
1192,7
1193,5
1194,3
1195,4
1196,6
1197,1
1198,7
1199,4
1200,3
1201,2
1202,7
1203,4
1204,3
1205,5
1206,5
1207,4
1208,4
1209,4
1210,5
1211,4
1212,3
1213,5
1214,5
1215,5
1216,5
1217,1
1218,3
1219,5
1220,3
1221,4
1222,3
1223,4
1224,3
1225,4
1226,4
1227,6
1228,3
1229,2
1230,5
1231,8
1232,7
1233,5
1234,2
1235,3
1236,7
1237,3
1238,1
1239,3
1240,4
1241,10
1242,6
1243,5
1244,5
1245,7
1246,4
1247,4
1248,4
1249,3
1250,6
1251,4
1252,6
1253,3
1254,3
1255,3
1256,5
1257,8
1258,4
1259,4
1260,4
1261,4
1262,6
1263,7
1264,2
1265,6
1266,4
1267,5
1268,3
1269,7
1270,3
1271,3
1272,3
1273,6
1274,3
1275,5
1276,3
1277,3
1278,9
1279,5
1280,3
1281,6
1282,3
1283,2
1284,5
1285,4
1286,4
1287,8
1288,5
1289,3
1290,3
1291,3
1292,8
1293,1
1294,2
1295,2
1296,6
1297,4
1298,1
1299,3
1300,6
1301,1
1302,4
1303,4
1304,2
1305,5
1306,6
1307,2
1308,1
1309,3
1310,6
1311,4
1312,7
1313,4
1314,3
1315,4
1316,3
1317,4
1318,2
1319,6
1320,4
1321,5
1322,4
1323,3
1324,4
1325,3
1326,4
1327,4
1328,4
1329,5
1330,3
1331,7
1332,3
1333,1
1334,3
1335,2
1336,3
1337,2
1338,2
1339,4
1340,3
1341,3
1342,3
1343,3
1344,5
1345,1
1346,8
1347,4
1348,3
1349,2
1350,5
1351,3
1352,5
1353,6
1354,4
1355,7
1356,8
1357,7
1358,7
1359,8
1360,5
1361,4
1362,4
1363,3
1364,2
1365,1
1366,4
1367,6
1368,3
1369,6
1370,4
1371,3
1372,5
1373,4
1374,6
1375,4
1376,4
1377,3
1378,5
1379,3
1380,6
1381,8
1382,4
1383,2
1384,5
1385,3
1386,4
1387,6
1388,11
1389,2
1390,5
1391,3
1392,2
1393,3
1394,7
1395,3
1396,9
1397,6
1398,3
1399,5
1400,3
1401,2
1402,4
1403,3
1404,6
1405,6
1406,2
1407,4
1408,1
1409,4
1410,5
1411,3
1412,7
1413,0
1414,3
1415,7
1416,4
1417,5
1418,6
1419,2
1420,4
1421,3
1422,8
1423,1
1424,4
1425,2
1426,4
1427,1
1428,1
1429,0
1430,5
1431,5
1432,8
1433,4
1434,2
1435,4
1436,4
1437,7
1438,4
1439,5
1440,4
1441,3
1442,4
1443,2
1444,4
1445,3
1446,4
1447,6
1448,3
1449,3
1450,2
1451,5
1452,5
1453,10
1454,8
1455,5
1456,5
1457,3
1458,5
1459,5
1460,3
1461,5
1462,3
1463,4
1464,5
1465,9
1466,6
1467,6
1468,5
1469,6
1470,4
1471,5
1472,1
1473,8
1474,5
1475,0
1476,9
1477,4
1478,3
1479,5
1480,3
1481,5
1482,3
1483,6
1484,3
1485,4
1486,4
1487,3
1488,3
1489,3
1490,2
1491,4
1492,1
1493,3
1494,5
1495,2
1496,7
1497,5
1498,4
1499,6
1500,7
1501,5
1502,1
1503,3
1504,7
1505,2
1506,2
1507,5
1508,6
1509,5
1510,6
1511,7
1512,2
1513,4
1514,3
1515,6
1516,4
1517,6
1518,3
1519,3
1520,3
1521,2
1522,3
1523,7
1524,6
1525,8
1526,2
1527,4
1528,2
1529,2
1530,2
1531,1
1532,5
1533,6
1534,6
1535,3
1536,5
1537,5
1538,7
1539,4
1540,4
1541,6
1542,5
1543,5
1544,6
1545,5
1546,3
1547,4
1548,5
1549,3
1550,6
1551,2
1552,3
1553,1
1554,3
1555,4
1556,2
1557,5
1558,3
1559,5
1560,5
1561,1
1562,4
1563,5
1564,6
1565,4
1566,4
1567,5
1568,7
1569,7
1570,5
1571,3
1572,2
1573,3
1574,5
1575,6
1576,4
1577,5
1578,7
1579,7
1580,3
1581,2
1582,6
1583,7
1584,3
1585,2
1586,5
1587,4
1588,4
1589,0
1590,5
1591,3
1592,4
1593,5
1594,7
1595,2
1596,2
1597,5
1598,2
1599,4
1600,6
1601,5
1602,3
1603,11
1604,4
1605,2
1606,4
1607,5
1608,7
1609,2
1610,7
1611,2
1612,5
1613,4
1614,4
1615,11
1616,1
1617,2
1618,4
1619,5
1620,5
1621,8
1622,3
1623,2
1624,5
1625,3
1626,3
1627,6
1628,3
1629,6
1630,7
1631,4
1632,4
1633,1
1634,8
1635,3
1636,3
1637,4
1638,2
1639,5
1640,2
1641,2
1642,5
1643,4
1644,3
1645,3
1646,7
1647,3
1648,4
1649,3
1650,4
1651,8
1652,2
1653,6
1654,4
1655,4
1656,4
1657,6
1658,7
1659,4
1660,5
1661,5
1662,1
1663,5
1664,2
1665,5
1666,4
1667,4
1668,1
1669,6
1670,4
1671,3
1672,8
1673,3
1674,4
1675,2
1676,3
1677,3
1678,5
1679,2
1680,5
1681,5
1682,2
1683,4
1684,4
1685,4
1686,3
1687,6
1688,2
1689,6
1690,4
1691,5
1692,2
1693,3
1694,4
1695,1
1696,5
1697,5
1698,3
1699,5
1700,4
1701,3
1702,3
1703,2
1704,4
1705,5
1706,3
1707,8
1708,3
1709,1
1710,3
1711,3
1712,4
1713,0
1714,4
1715,5
1716,7
1717,7
1718,5
1719,5
1720,4
1721,5
1722,4
1723,5
1724,3
1725,4
1726,5
1727,5
1728,3
1729,6
1730,3
1731,2
1732,9
1733,5
1734,5
1735,8
1736,3
1737,3
1738,1
1739,6
1740,3
1741,6
1742,4
1743,4
1744,4
1745,6
1746,6
1747,2
1748,4
1749,5
1750,5
1751,6
1752,2
1753,1
1754,3
1755,2
1756,4
1757,7
1758,1
1759,3
1760,5
1761,6
1762,4
1763,3
1764,3
1765,5
1766,4
1767,4
1768,4
1769,5
1770,3
1771,5
1772,7
1773,5
1774,5
1775,5
1776,5
1777,6
1778,2
1779,4
1780,4
1781,6
1782,3
1783,8
1784,6
1785,7
1786,5
1787,5
1788,0
1789,3
1790,5
1791,3
1792,6
1793,3
1794,3
1795,5
1796,5
1797,8
1798,4
1799,1
1800,6
1801,5
1802,5
1803,1
1804,4
1805,2
1806,4
1807,4
1808,1
1809,5
1810,2
1811,2
1812,6
1813,5
1814,5
1815,3
1816,3
1817,3
1818,3
1819,4
1820,5
1821,3
1822,5
1823,3
1824,6
1825,3
1826,4
1827,7
1828,5
1829,0
1830,5
1831,11
1832,2
1833,6
1834,2
1835,2
1836,3
1837,4
1838,2
1839,2
1840,5
1841,4
1842,3
1843,4
1844,3
1845,7
1846,4
1847,3
1848,5
1849,4
1850,7
1851,4
1852,1
1853,6
1854,4
1855,3
1856,5
1857,2
1858,7
1859,3
1860,2
1861,4
1862,3
1863,4
1864,6
1865,5
1866,4
1867,4
1868,3
1869,3
1870,4
1871,6
1872,7
1873,4
1874,4
1875,4
1876,1
1877,5
1878,5
1879,5
1880,5
1881,6
1882,1
1883,4
1884,4
1885,9
1886,4
1887,1
1888,2
1889,4
1890,3
1891,2
1892,8
1893,5
1894,6
1895,8
1896,5
1897,5
1898,6
1899,4
1900,4
1901,5
1902,2
1903,6
1904,7
1905,3
1906,4
1907,3
1908,4
1909,1
1910,3
1911,3
1912,6
1913,4
1914,4
1915,3
1916,2
1917,2
1918,6
1919,9
1920,3
1921,5
1922,5
1923,3
1924,4
1925,4
1926,3
1927,5
1928,5
1929,3
1930,5
1931,11
1932,1
1933,3
1934,5
1935,2
1936,3
1937,1
1938,6
1939,3
1940,2
1941,3
1942,6
1943,8
1944,4
1945,7
1946,2
1947,2
1948,2
1949,3
1950,6
1951,3
1952,1
1953,6
1954,5
1955,2
1956,0
1957,3
1958,8
1959,3
1960,6
1961,6
1962,3
1963,7
1964,2
1965,6
1966,8
1967,6
1968,4
1969,8
1970,5
1971,5
1972,6
1973,2
1974,2
1975,4
1976,5
1977,4
1978,3
1979,3
1980,6
1981,6
1982,7
1983,5
1984,3
1985,4
1986,3
1987,2
1988,10
1989,5
1990,2
1991,7
1992,4
1993,4
1994,4
1995,2
1996,3
1997,4
1998,2
1999,5
2000,4
2001,4
2002,7
2003,6
2004,6
2005,3
2006,3
2007,5
2008,7
2009,5
2010,2
2011,2
2012,3
2013,2
2014,5
2015,3
2016,2
2017,5
2018,2
2019,1
2020,3
2021,7
2022,4
2023,2
2024,4
2025,2
2026,7
2027,4
2028,4
2029,2
2030,1
2031,1
2032,2
2033,5
2034,9
2035,2
2036,2
2037,4
2038,3
2039,5
2040,5
2041,4
2042,2
2043,1
2044,4
2045,3
2046,2
2047,3
2048,5
2049,2
2050,5
2051,5
2052,5
2053,5
2054,9
2055,5
2056,5
2057,2
2058,4
2059,3
2060,5
2061,3
2062,8
2063,3
2064,6
2065,3
2066,8
2067,5
2068,7
2069,7
2070,6
2071,4
2072,3
2073,3
2074,3
2075,5
2076,4
2077,4
2078,2
2079,9
2080,4
2081,5
2082,2
2083,5
2084,5
2085,2
2086,7
2087,1
2088,3
2089,1
2090,4
2091,4
2092,5
2093,3
2094,2
2095,3
2096,9
2097,3
2098,3
2099,4
2100,5
2101,8
2102,2
2103,6
2104,6
2105,1
2106,6
2107,5
2108,11
2109,1
2110,3
2111,6
2112,4
2113,4
2114,5
2115,5
2116,1
2117,1
2118,4
2119,2
2120,4
2121,6
2122,2
2123,2
2124,6
2125,4
2126,3
2127,5
2128,5
2129,4
2130,4
2131,7
2132,6
2133,4
2134,5
2135,5
2136,5
2137,5
2138,4
2139,4
2140,4
2141,2
2142,4
2143,3
2144,4
2145,2
2146,3
2147,4
2148,5
2149,6
2150,5
2151,5
2152,4
2153,3
2154,7
2155,2
2156,5
2157,7
2158,3
2159,3
2160,3
2161,5
2162,3
2163,4
2164,8
2165,8
2166,7
2167,1
2168,5
2169,5
2170,4
2171,2
2172,1
2173,3
2174,2
2175,5
2176,4
2177,3
2178,3
2179,5
2180,4
2181,3
2182,3
2183,2
2184,3
2185,3
2186,5
2187,4
2188,4
2189,7
2190,5
2191,3
2192,6
2193,5
2194,4
2195,6
2196,2
2197,5
2198,7
2199,7
2200,4
2201,2
2202,4
2203,8
2204,5
2205,2
2206,6
2207,2
2208,4
2209,6
2210,4
2211,6
2212,5
2213,4
2214,9
2215,9
2216,2
2217,4
2218,4
2219,4
2220,4
2221,3
2222,5
2223,1
2224,3
2225,10
2226,6
2227,4
2228,4
2229,3
2230,7
2231,6
2232,7
2233,5
2234,4
2235,6
2236,3
2237,2
2238,7
2239,1
2240,2
2241,4
2242,5
2243,6
2244,2
2245,7
2246,4
2247,3
2248,3
2249,3
2250,5
2251,5
2252,5
2253,4
2254,1
2255,6
2256,5
2257,8
2258,3
2259,6
2260,3
2261,3
2262,7
2263,5
2264,3
2265,2
2266,3
2267,4
2268,8
2269,4
2270,4
2271,3
2272,2
2273,5
2274,5
2275,4
2276,3
2277,5
2278,3
2279,4
2280,5
2281,3
2282,2
2283,6
2284,5
2285,6
2286,2
2287,1
2288,3
2289,4
2290,4
2291,4
2292,1
2293,3
2294,5
2295,5
2296,7
2297,5
2298,3
2299,7
2300,4
2301,2
2302,2
2303,6
2304,5
2305,7
2306,6
2307,6
2308,4
2309,5
2310,3
2311,4
2312,7
2313,2
2314,2
2315,3
2316,3
2317,4
2318,2
2319,4
2320,2
2321,4
2322,4
2323,4
2324,1
2325,5
2326,6
2327,9
2328,7
2329,4
2330,7
2331,4
2332,3
2333,4
2334,6
2335,4
2336,1
2337,2
2338,7
2339,6
2340,1
2341,7
2342,4
2343,7
2344,4
2345,2
2346,2
2347,4
2348,3
2349,2
2350,3
2351,4
2352,6
2353,2
2354,6
2355,5
2356,3
2357,4
2358,1
2359,5
2360,5
2361,4
2362,4
2363,4
2364,5
2365,11
2366,4
2367,3
2368,2
2369,4
2370,6
2371,6
2372,2
2373,6
2374,8
2375,1
2376,6
2377,6
2378,4
2379,5
2380,7
2381,3
2382,4
2383,5
2384,4
2385,6
2386,5
2387,5
2388,3
2389,6
2390,3
2391,7
2392,5
2393,4
2394,3
2395,2
2396,4
2397,1
2398,3
2399,5
2400,6
2401,5
2402,3
2403,8
2404,4
2405,4
2406,6
2407,4
2408,4
2409,5
2410,4
2411,3
2412,3
2413,4
2414,4
2415,4
2416,5
2417,5
2418,6
2419,4
2420,6
2421,1
2422,6
2423,6
2424,6
2425,2
2426,4
2427,3
2428,5
2429,3
2430,7
2431,5
2432,2
2433,3
2434,1
2435,5
2436,4
2437,3
2438,5
2439,4
2440,3
2441,5
2442,5
2443,4
2444,4
2445,7
2446,4
2447,3
2448,0
2449,7
2450,4
2451,3
2452,3
2453,2
2454,2
2455,6
2456,2
2457,7
2458,4
2459,5
2460,6
2461,7
2462,2
2463,7
2464,9
2465,2
2466,2
2467,5
2468,4
2469,5
2470,6
2471,6
2472,4
2473,3
2474,4
2475,5
2476,5
2477,6
2478,7
2479,5
2480,1
2481,5
2482,8
2483,4
2484,2
2485,5
2486,4
2487,2
2488,4
2489,4
2490,4
2491,5
2492,8
2493,7
2494,4
2495,2
2496,7
2497,3
2498,4
2499,4
2500,4
2501,4
2502,7
2503,5
2504,2
2505,3
2506,3
2507,7
2508,5
2509,2
2510,4
2511,3
2512,3
2513,4
2514,5
2515,4
2516,3
2517,3
2518,5
2519,6
2520,3
2521,6
2522,6
2523,3
2524,5
2525,4
2526,3
2527,3
2528,7
2529,5
2530,4
2531,4
2532,2
2533,5
2534,2
2535,5
2536,4
2537,3
2538,7
2539,2
2540,4
2541,3
2542,4
2543,4
2544,3
2545,4
2546,2
2547,5
2548,5
2549,2
2550,6
2551,1
2552,3
2553,5
2554,8
2555,8
2556,6
2557,3
2558,7
2559,0
2560,4
2561,2
2562,4
2563,5
2564,5
2565,2
2566,2
2567,5
2568,4
2569,5
2570,3
2571,5
2572,4
2573,3
2574,7
2575,5
2576,4
2577,4
2578,4
2579,5
2580,7
2581,5
2582,4
2583,2
2584,5
2585,4
2586,5
2587,5
2588,3
2589,5
2590,4
2591,5
2592,8
2593,3
2594,6
2595,3
2596,4
2597,7
2598,7
2599,1
2600,3
2601,4
2602,3
2603,4
2604,6
2605,2
2606,6
2607,6
2608,3
2609,6
2610,6
2611,5
2612,7
2613,5
2614,3
2615,3
2616,4
2617,6
2618,4
2619,2
2620,6
2621,4
2622,1
2623,5
2624,3
2625,4
2626,6
2627,4
2628,2
2629,5
2630,6
2631,6
2632,1
2633,1
2634,3
2635,4
2636,4
2637,3
2638,5
2639,2
2640,7
2641,8
2642,3
2643,2
2644,4
2645,3
2646,7
2647,6
2648,8
2649,3
2650,4
2651,8
2652,4
2653,2
2654,3
2655,5
2656,4
2657,5
2658,4
2659,7
2660,3
2661,5
2662,2
2663,2
2664,3
2665,5
2666,6
2667,4
2668,3
2669,6
2670,6
2671,2
2672,2
2673,4
2674,5
2675,7
2676,2
2677,3
2678,1
2679,5
2680,4
2681,8
2682,7
2683,4
2684,2
2685,5
2686,6
2687,4
2688,1
2689,2
2690,2
2691,3
2692,7
2693,4
2694,2
2695,7
2696,2
2697,4
2698,5
2699,5
2700,9
2701,5
2702,3
2703,4
2704,3
2705,2
2706,7
2707,3
2708,6
2709,6
2710,3
2711,2
2712,4
2713,7
2714,3
2715,5
2716,4
2717,3
2718,5
2719,8
2720,3
2721,9
2722,4
2723,4
2724,5
2725,3
2726,1
2727,5
2728,5
2729,3
2730,4
2731,6
2732,5
2733,4
2734,3
2735,5
2736,3
2737,5
2738,3
2739,4
2740,2
2741,3
2742,4
2743,5
2744,6
2745,6
2746,3
2747,4
2748,5
2749,5
2750,4
2751,5
2752,3
2753,2
2754,0
2755,4
2756,3
2757,4
2758,6
2759,5
2760,3
2761,3
2762,5
2763,3
2764,3
2765,4
2766,5
2767,6
2768,1
2769,3
2770,5
2771,5
2772,6
2773,3
2774,0
2775,5
2776,3
2777,2
2778,4
2779,4
2780,4
2781,2
2782,4
2783,3
2784,3
2785,5
2786,5
2787,4
2788,2
2789,5
2790,4
2791,4
2792,2
2793,5
2794,5
2795,6
2796,7
2797,4
2798,3
2799,5
2800,4
2801,5
2802,4
2803,2
2804,5
2805,4
2806,1
2807,1
2808,5
2809,6
2810,5
2811,8
2812,7
2813,7
2814,3
2815,4
2816,3
2817,1
2818,7
2819,5
2820,3
2821,4
2822,3
2823,5
2824,6
2825,4
2826,4
2827,5
2828,3
2829,3
2830,3
2831,4
2832,7
2833,2
2834,3
2835,3
2836,3
2837,4
2838,4
2839,3
2840,4
2841,4
2842,7
2843,6
2844,3
2845,4
2846,6
2847,4
2848,3
2849,8
2850,3
2851,2
2852,4
2853,2
2854,7
2855,5
2856,8
2857,6
2858,5
2859,6
2860,6
2861,4
2862,5
2863,4
2864,2
2865,3
2866,2
2867,4
2868,5
2869,7
2870,3
2871,3
2872,3
2873,4
2874,4
2875,5
2876,4
2877,7
2878,2
2879,6
2880,4
2881,2
2882,3
2883,4
2884,4
2885,3
2886,2
2887,5
2888,3
2889,6
2890,7
2891,7
2892,1
2893,2
2894,5
2895,4
2896,5
2897,3
2898,6
2899,8
2900,5
2901,4
2902,3
2903,5
2904,6
2905,4
2906,5
2907,8
2908,6
2909,6
2910,4
2911,5
2912,6
2913,5
2914,2
2915,2
2916,4
2917,4
2918,2
2919,7
2920,4
2921,5
2922,3
2923,8
2924,3
2925,4
2926,2
2927,3
2928,2
2929,5
2930,6
2931,5
2932,3
2933,5
2934,2
2935,4
2936,4
2937,4
2938,2
2939,5
2940,4
2941,1
2942,4
2943,5
2944,5
2945,2
2946,2
2947,3
2948,1
2949,4
2950,5
2951,1
2952,4
2953,5
2954,4
2955,3
2956,2
2957,4
2958,2
2959,3
2960,2
2961,0
2962,1
2963,3
2964,2
2965,3
2966,5
2967,8
2968,5
2969,6
2970,7
2971,3
2972,3
2973,6
2974,2
2975,7
2976,4
2977,5
2978,6
2979,3
2980,5
2981,4
2982,5
2983,4
2984,3
2985,6
2986,7
2987,5
2988,4
2989,5
2990,6
2991,4
2992,6
2993,6
2994,3
2995,9
2996,5
2997,5
2998,3
2999,6
3000,6
3001,7
3002,4
3003,9
3004,4
3005,4
3006,5
3007,3
3008,5
3009,4
3010,2
3011,1
3012,9
3013,5
3014,4
3015,5
3016,2
3017,5
3018,3
3019,5
3020,5
3021,3
3022,5
3023,6
3024,7
3025,6
3026,5
3027,6
3028,3
3029,10
3030,4
3031,8
3032,3
3033,5
3034,2
3035,1
3036,3
3037,4
3038,5
3039,5
3040,4
3041,3
3042,7
3043,5
3044,2
3045,3
3046,5
3047,4
3048,7
3049,3
3050,6
3051,4
3052,5
3053,2
3054,7
3055,4
3056,9
3057,5
3058,5
3059,6
3060,5
3061,5
3062,4
3063,6
3064,7
3065,4
3066,6
3067,2
3068,2
3069,4
3070,2
3071,3
3072,5
3073,6
3074,6
3075,4
3076,4
3077,5
3078,4
3079,3
3080,3
3081,2
3082,5
3083,4
3084,4
3085,6
3086,6
3087,5
3088,6
3089,5
3090,4
3091,4
3092,3
3093,3
3094,5
3095,3
3096,6
3097,3
3098,5
3099,1
3100,3
3101,4
3102,8
3103,5
3104,6
3105,4
3106,2
3107,8
3108,8
3109,6
3110,2
3111,4
3112,7
3113,5
3114,3
3115,6
3116,2
3117,0
3118,3
3119,7
3120,6
3121,2
3122,3
3123,3
3124,5
3125,6
3126,7
3127,6
3128,4
3129,5
3130,6
3131,4
3132,4
3133,3
3134,5
3135,3
3136,3
3137,2
3138,2
3139,5
3140,1
3141,1
3142,2
3143,1
3144,3
3145,4
3146,3
3147,4
3148,3
3149,4
3150,3
3151,2
3152,4
3153,2
3154,4
3155,4
3156,4
3157,3
3158,5
3159,5
3160,4
3161,2
3162,4
3163,5
3164,4
3165,5
3166,2
3167,4
3168,2
3169,3
3170,4
3171,2
3172,7
3173,6
3174,5
3175,0
3176,5
3177,4
3178,3
3179,4
3180,1
3181,4
3182,0
3183,6
3184,4
3185,3
3186,4
3187,2
3188,3
3189,5
3190,5
3191,2
3192,2
3193,2
3194,4
3195,4
3196,5
3197,4
3198,2
3199,5
3200,3
3201,6
3202,7
3203,6
3204,4
3205,6
3206,4
3207,4
3208,6
3209,6
3210,2
3211,2
3212,5
3213,4
3214,8
3215,7
3216,6
3217,5
3218,6
3219,4
3220,5
3221,9
3222,1
3223,3
3224,2
3225,7
3226,2
3227,5
3228,5
3229,2
3230,2
3231,3
3232,4
3233,2
3234,3
3235,4
3236,2
3237,4
3238,3
3239,1
3240,8
3241,5
3242,4
3243,3
3244,3
3245,7
3246,5
3247,5
3248,4
3249,7
3250,6
3251,1
3252,4
3253,6
3254,5
3255,10
3256,1
3257,4
3258,3
3259,1
3260,8
3261,7
3262,5
3263,4
3264,4
3265,6
3266,9
3267,5
3268,2
3269,3
3270,4
3271,6
3272,4
3273,3
3274,3
3275,6
3276,3
3277,5
3278,3
3279,2
3280,4
3281,1
3282,2
3283,5
3284,5
3285,3
3286,3
3287,8
3288,4
3289,3
3290,2
3291,6
3292,1
3293,2
3294,5
3295,2
3296,5
3297,3
3298,8
3299,4
3300,1
3301,1
3302,2
3303,3
3304,6
3305,4
3306,7
3307,7
3308,2
3309,3
3310,3
3311,6
3312,7
3313,7
3314,8
3315,5
3316,6
3317,4
3318,2
3319,6
3320,5
3321,9
3322,4
3323,4
3324,9
3325,3
3326,3
3327,4
3328,4
3329,5
3330,7
3331,6
3332,5
3333,4
3334,4
3335,2
3336,3
3337,6
3338,10
3339,5
3340,7
3341,5
3342,7
3343,4
3344,5
3345,3
3346,5
3347,4
3348,2
3349,5
3350,4
3351,5
3352,6
3353,5
3354,2
3355,7
3356,4
3357,2
3358,4
3359,2
3360,6
3361,6
3362,5
3363,3
3364,7
3365,3
3366,5
3367,6
3368,5
3369,5
3370,2
3371,7
3372,2
3373,5
3374,2
3375,5
3376,4
3377,4
3378,6
3379,3
3380,5
3381,3
3382,2
3383,3
3384,2
3385,8
3386,6
3387,4
3388,2
3389,5
3390,5
3391,5
3392,6
3393,5
3394,3
3395,4
3396,4
3397,2
3398,5
3399,2
3400,3
3401,2
3402,3
3403,3
3404,4
3405,5
3406,4
3407,3
3408,6
3409,6
3410,6
3411,5
3412,2
3413,1
3414,4
3415,1
3416,4
3417,2
3418,6
3419,5
3420,9
3421,0
3422,7
3423,6
3424,2
3425,5
3426,5
3427,7
3428,3
3429,2
3430,4
3431,4
3432,7
3433,7
3434,3
3435,5
3436,3
3437,3
3438,3
3439,1
3440,0
3441,6
3442,3
3443,2
3444,2
3445,5
3446,7
3447,2
3448,4
3449,4
3450,3
3451,3
3452,4
3453,4
3454,5
3455,6
3456,6
3457,2
3458,3
3459,6
3460,4
3461,3
3462,3
3463,6
3464,11
3465,3
3466,4
3467,3
3468,3
3469,4
3470,4
3471,5
3472,5
3473,3
3474,6
3475,6
3476,4
3477,5
3478,3
3479,3
3480,4
3481,5
3482,5
3483,5
3484,1
3485,3
3486,5
3487,5
3488,3
3489,4
3490,1
3491,4
3492,5
3493,6
3494,9
3495,5
3496,6
3497,1
3498,7
3499,3
3500,3
3501,4
3502,5
3503,2
3504,5
3505,5
3506,4
3507,4
3508,4
3509,6
3510,4
3511,5
3512,3
3513,2
3514,4
3515,2
3516,8
3517,3
3518,0
3519,3
3520,5
3521,4
3522,2
3523,2
3524,9
3525,3
3526,2
3527,0
3528,6
3529,5
3530,3
3531,3
3532,3
3533,7
3534,2
3535,6
3536,3
3537,7
3538,5
3539,3
3540,6
3541,4
3542,3
3543,7
3544,6
3545,7
3546,3
3547,4
3548,7
3549,3
3550,3
3551,2
3552,4
3553,3
3554,1
3555,5
3556,5
3557,3
3558,3
3559,6
3560,4
3561,3
3562,2
3563,4
3564,5
3565,4
3566,5
3567,5
3568,7
3569,4
3570,2
3571,4
3572,5
3573,1
3574,3
3575,2
3576,4
3577,5
3578,3
3579,6
3580,0
3581,3
3582,5
3583,3
3584,2
3585,4
3586,5
3587,4
3588,6
3589,3
3590,2
3591,2
3592,6
3593,3
3594,6
3595,6
3596,4
3597,2
3598,4
3599,4
3600,4
3601,3
3602,2
3603,7
3604,3
3605,3
3606,3
3607,4
3608,4
3609,4
3610,3
3611,4
3612,3
3613,7
3614,4
3615,4
3616,1
3617,3
3618,2
3619,5
3620,1
3621,3
3622,4
3623,5
3624,5
3625,6
3626,4
3627,3
3628,5
3629,5
3630,4
3631,6
3632,3
3633,5
3634,6
3635,4
3636,2
3637,5
3638,3
3639,5
3640,6
3641,7
3642,6
3643,1
3644,5
3645,6
3646,4
3647,2
3648,4
3649,9
3650,6
3651,3
3652,2
3653,6
3654,5
3655,4
3656,2
3657,5
3658,6
3659,7
3660,5
3661,4
3662,1
3663,1
3664,3
3665,4
3666,4
3667,6
3668,1
3669,1
3670,3
3671,6
3672,4
3673,1
3674,5
3675,4
3676,4
3677,4
3678,4
3679,3
3680,2
3681,2
3682,4
3683,8
3684,5
3685,3
3686,6
3687,4
3688,7
3689,4
3690,5
3691,6
3692,5
3693,2
3694,4
3695,3
3696,5
3697,3
3698,3
3699,1
3700,5
3701,4
3702,5
3703,5
3704,5
3705,3
3706,4
3707,4
3708,4
3709,3
3710,4
3711,2
3712,4
3713,7
3714,5
3715,4
3716,3
3717,5
3718,5
3719,2
3720,4
3721,6
3722,3
3723,9
3724,6
3725,2
3726,7
3727,3
3728,7
3729,3
3730,3
3731,4
3732,2
3733,7
3734,2
3735,2
3736,3
3737,4
3738,2
3739,4
3740,1
3741,5
3742,2
3743,2
3744,6
3745,3
3746,4
3747,3
3748,1
3749,5
3750,6
3751,5
3752,4
3753,4
3754,6
3755,4
3756,4
3757,3
3758,2
3759,5
3760,5
3761,7
3762,4
3763,7
3764,7
3765,3
3766,2
3767,3
3768,3
3769,5
3770,4
3771,4
3772,3
3773,5
3774,1
3775,7
3776,7
3777,3
3778,5
3779,2
3780,3
3781,5
3782,4
3783,3
3784,5
3785,6
3786,4
3787,5
3788,5
3789,4
3790,8
3791,4
3792,3
3793,1
3794,6
3795,2
3796,3
3797,4
3798,4
3799,6
3800,3
3801,1
3802,4
3803,5
3804,2
3805,6
3806,4
3807,1
3808,4
3809,2
3810,2
3811,2
3812,5
3813,5
3814,3
3815,4
3816,6
3817,4
3818,2
3819,4
3820,4
3821,3
3822,6
3823,4
3824,4
3825,5
3826,5
3827,3
3828,1
3829,3
3830,2
3831,1
3832,3
3833,1
3834,3
3835,2
3836,6
3837,2
3838,7
3839,4
3840,6
3841,4
3842,4
3843,8
3844,2
3845,0
3846,3
3847,2
3848,4
3849,3
3850,3
3851,2
3852,4
3853,7
3854,3
3855,5
3856,3
3857,5
3858,6
3859,6
3860,5
3861,4
3862,3
3863,5
3864,2
3865,3
3866,5
3867,2
3868,4
3869,5
3870,1
3871,2
3872,2
3873,5
3874,5
3875,6
3876,1
3877,4
3878,4
3879,2
3880,4
3881,4
3882,7
3883,4
3884,4
3885,4
3886,7
3887,4
3888,5
3889,6
3890,8
3891,5
3892,4
3893,2
3894,3
3895,6
3896,4
3897,2
3898,4
3899,5
3900,3
3901,5
3902,3
3903,7
3904,3
3905,2
3906,6
3907,2
3908,4
3909,2
3910,3
3911,1
3912,3
3913,4
3914,2
3915,4
3916,6
3917,1
3918,5
3919,4
3920,6
3921,7
3922,3
3923,6
3924,5
3925,5
3926,5
3927,4
3928,4
3929,5
3930,6
3931,4
3932,1
3933,5
3934,2
3935,5
3936,4
3937,3
3938,5
3939,6
3940,2
3941,1
3942,3
3943,3
3944,5
3945,6
3946,4
3947,4
3948,3
3949,8
3950,5
3951,7
3952,2
3953,2
3954,5
3955,2
3956,5
3957,4
3958,4
3959,2
3960,5
3961,5
3962,4
3963,1
3964,7
3965,4
3966,1
3967,3
3968,3
3969,5
3970,5
3971,5
3972,3
3973,5
3974,6
3975,1
3976,7
3977,3
3978,1
3979,4
3980,3
3981,5
3982,3
3983,4
3984,3
3985,3
3986,2
3987,3
3988,4
3989,2
3990,2
3991,3
3992,2
3993,1
3994,5
3995,6
3996,5
3997,3
3998,5
3999,7
4000,3
4001,4
4002,4
4003,4
4004,3
4005,3
4006,3
4007,4
4008,7
4009,1
4010,4
4011,1
4012,6
4013,11
4014,3
4015,5
4016,8
4017,4
4018,3
4019,2
4020,6
4021,1
4022,5
4023,4
4024,3
4025,2
4026,3
4027,4
4028,3
4029,2
4030,2
4031,5
4032,8
4033,6
4034,7
4035,3
4036,5
4037,2
4038,1
4039,4
4040,4
4041,4
4042,2
4043,5
4044,9
4045,5
4046,2
4047,6
4048,1
4049,2
4050,7
4051,4
4052,1
4053,2
4054,4
4055,3
4056,4
4057,2
4058,5
4059,4
4060,2
4061,1
4062,3
4063,6
4064,3
4065,2
4066,2
4067,3
4068,8
4069,4
4070,5
4071,6
4072,5
4073,8
4074,3
4075,5
4076,4
4077,3
4078,8
4079,4
4080,5
4081,3
4082,4
4083,3
4084,6
4085,3
4086,8
4087,5
4088,5
4089,5
4090,3
4091,5
4092,5
4093,3
4094,5
4095,4
4096,2
4097,0
4098,4
4099,1
4100,5
4101,4
4102,2
4103,5
4104,6
4105,3
4106,1
4107,2
4108,2
4109,4
4110,3
4111,7
4112,5
4113,2
4114,4
4115,3
4116,7
4117,2
4118,5
4119,6
4120,4
4121,4
4122,3
4123,3
4124,3
4125,5
4126,5
4127,5
4128,4
4129,2
4130,3
4131,2
4132,1
4133,2
4134,5
4135,3
4136,3
4137,5
4138,5
4139,2
4140,2
4141,3
4142,2
4143,7
4144,4
4145,7
4146,3
4147,3
4148,4
4149,4
4150,4
4151,5
4152,2
4153,3
4154,6
4155,6
4156,4
4157,4
4158,5
4159,3
4160,3
4161,5
4162,3
4163,3
4164,4
4165,3
4166,3
4167,5
4168,3
4169,1
4170,5
4171,5
4172,3
4173,5
4174,3
4175,4
4176,2
4177,4
4178,5
4179,6
4180,4
4181,1
4182,4
4183,4
4184,6
4185,4
4186,0
4187,4
4188,6
4189,5
4190,2
4191,2
4192,2
4193,7
4194,6
4195,4
4196,3
4197,3
4198,5
4199,5
4200,8
4201,5
4202,4
4203,6
4204,6
4205,4
4206,4
4207,4
4208,1
4209,6
4210,4
4211,6
4212,4
4213,3
4214,2
4215,5
4216,2
4217,3
4218,6
4219,2
4220,4
4221,1
4222,3
4223,4
4224,6
4225,6
4226,3
4227,4
4228,5
4229,7
4230,6
4231,9
4232,6
4233,2
4234,6
4235,7
4236,6
4237,4
4238,4
4239,5
4240,4
4241,4
4242,7
4243,7
4244,3
4245,3
4246,4
4247,1
4248,4
4249,7
4250,1
4251,3
4252,2
4253,6
4254,3
4255,5
4256,7
4257,4
4258,1
4259,3
4260,3
4261,3
4262,3
4263,2
4264,4
4265,3
4266,3
4267,3
4268,2
4269,3
4270,6
4271,2
4272,3
4273,6
4274,3
4275,2
4276,2
4277,3
4278,5
4279,3
4280,5
4281,4
4282,5
4283,7
4284,5
4285,3
4286,4
4287,2
4288,7
4289,3
4290,4
4291,7
4292,5
4293,7
4294,3
4295,9
4296,6
4297,7
4298,3
4299,5
4300,6
4301,4
4302,6
4303,6
4304,5
4305,2
4306,4
4307,6
4308,3
4309,5
4310,3
4311,8
4312,3
4313,8
4314,2
4315,5
4316,3
4317,4
4318,7
4319,3
4320,4
4321,6
4322,2
4323,5
4324,3
4325,7
4326,5
4327,4
4328,6
4329,2
4330,3
4331,2
4332,4
4333,4
4334,3
4335,3
4336,5
4337,3
4338,2
4339,8
4340,3
4341,4
4342,4
4343,7
4344,4
4345,3
4346,1
4347,5
4348,3
4349,4
4350,5
4351,5
4352,6
4353,2
4354,5
4355,3
4356,3
4357,4
4358,3
4359,4
4360,2
4361,7
4362,7
4363,7
4364,6
4365,3
4366,5
4367,3
4368,4
4369,3
4370,4
4371,5
4372,3
4373,5
4374,5
4375,5
4376,5
4377,4
4378,1
4379,2
4380,7
4381,7
4382,1
4383,4
4384,4
4385,6
4386,5
4387,3
4388,4
4389,2
4390,4
4391,4
4392,4
4393,10
4394,5
4395,4
4396,2
4397,5
4398,5
4399,5
4400,1
4401,5
4402,2
4403,2
4404,7
4405,5
4406,5
4407,7
4408,7
4409,3
4410,6
4411,1
4412,2
4413,7
4414,5
4415,3
4416,4
4417,5
4418,2
4419,2
4420,6
4421,5
4422,4
4423,2
4424,4
4425,6
4426,4
4427,9
4428,3
4429,7
4430,2
4431,1
4432,4
4433,4
4434,1
4435,2
4436,2
4437,2
4438,6
4439,6
4440,4
4441,2
4442,6
4443,4
4444,3
4445,6
4446,3
4447,3
4448,2
4449,2
4450,4
4451,9
4452,4
4453,2
4454,7
4455,7
4456,6
4457,9
4458,2
4459,4
4460,2
4461,4
4462,5
4463,6
4464,3
4465,8
4466,6
4467,7
4468,4
4469,5
4470,7
4471,6
4472,5
4473,3
4474,2
4475,5
4476,4
4477,3
4478,8
4479,8
4480,3
4481,6
4482,4
4483,5
4484,4
4485,4
4486,8
4487,13
4488,5
4489,3
4490,3
4491,4
4492,2
4493,4
4494,5
4495,3
4496,6
4497,3
4498,1
4499,5
4500,6
4501,5
4502,5
4503,4
4504,3
4505,3
4506,6
4507,4
4508,3
4509,3
4510,3
4511,5
4512,5
4513,6
4514,2
4515,6
4516,5
4517,4
4518,3
4519,2
4520,6
4521,7
4522,7
4523,5
4524,5
4525,1
4526,4
4527,6
4528,2
4529,3
4530,6
4531,4
4532,2
4533,5
4534,2
4535,7
4536,5
4537,8
4538,9
4539,2
4540,5
4541,4
4542,5
4543,6
4544,4
4545,5
4546,0
4547,2
4548,8
4549,4
4550,7
4551,3
4552,6
4553,6
4554,4
4555,7
4556,5
4557,4
4558,6
4559,2
4560,4
4561,4
4562,7
4563,8
4564,6
4565,5
4566,2
4567,1
4568,4
4569,5
4570,2
4571,5
4572,5
4573,5
4574,4
4575,4
4576,4
4577,3
4578,4
4579,2
4580,5
4581,5
4582,3
4583,6
4584,3
4585,3
4586,5
4587,3
4588,4
4589,6
4590,3
4591,3
4592,3
4593,7
4594,3
4595,8
4596,5
4597,5
4598,3
4599,6
4600,3
4601,8
4602,7
4603,3
4604,5
4605,7
4606,6
4607,2
4608,2
4609,4
4610,2
4611,4
4612,4
4613,3
4614,3
4615,1
4616,4
4617,2
4618,4
4619,5
4620,2
4621,6
4622,2
4623,5
4624,3
4625,8
4626,3
4627,2
4628,2
4629,4
4630,4
4631,5
4632,3
4633,6
4634,0
4635,3
4636,4
4637,2
4638,3
4639,1
4640,6
4641,6
4642,4
4643,3
4644,3
4645,4
4646,3
4647,3
4648,3
4649,5
4650,5
4651,4
4652,4
4653,4
4654,4
4655,7
4656,4
4657,8
4658,6
4659,2
4660,2
4661,2
4662,6
4663,4
4664,7
4665,3
4666,4
4667,4
4668,6
4669,7
4670,3
4671,6
4672,3
4673,8
4674,8
4675,2
4676,6
4677,4
4678,6
4679,3
4680,4
4681,4
4682,2
4683,1
4684,3
4685,5
4686,7
4687,6
4688,1
4689,5
4690,2
4691,4
4692,5
4693,4
4694,6
4695,3
4696,4
4697,4
4698,5
4699,1
4700,2
4701,5
4702,4
4703,4
4704,2
4705,2
4706,7
4707,3
4708,8
4709,7
4710,4
4711,5
4712,5
4713,5
4714,7
4715,5
4716,2
4717,2
4718,2
4719,5
4720,2
4721,4
4722,2
4723,4
4724,3
4725,4
4726,6
4727,6
4728,2
4729,3
4730,3
4731,6
4732,3
4733,4
4734,7
4735,5
4736,2
4737,6
4738,3
4739,4
4740,1
4741,7
4742,4
4743,3
4744,1
4745,7
4746,4
4747,5
4748,7
4749,4
4750,4
4751,4
4752,7
4753,4
4754,3
4755,2
4756,3
4757,7
4758,7
4759,3
4760,6
4761,3
4762,6
4763,4
4764,3
4765,5
4766,3
4767,1
4768,6
4769,8
4770,2
4771,2
4772,3
4773,3
4774,2
4775,3
4776,4
4777,4
4778,4
4779,5
4780,4
4781,3
4782,2
4783,6
4784,3
4785,5
4786,0
4787,5
4788,4
4789,6
4790,5
4791,7
4792,4
4793,3
4794,4
4795,4
4796,5
4797,4
4798,4
4799,7
4800,5
4801,5
4802,5
4803,7
4804,5
4805,6
4806,4
4807,5
4808,2
4809,7
4810,3
4811,6
4812,5
4813,8
4814,3
4815,3
4816,4
4817,3
4818,3
4819,3
4820,9
4821,2
4822,5
4823,5
4824,7
4825,3
4826,4
4827,4
4828,4
4829,3
4830,3
4831,4
4832,3
4833,6
4834,3
4835,6
4836,5
4837,4
4838,1
4839,4
4840,3
4841,5
4842,4
4843,2
4844,6
4845,3
4846,4
4847,3
4848,3
4849,2
4850,6
4851,2
4852,3
4853,5
4854,5
4855,1
4856,2
4857,8
4858,2
4859,5
4860,6
4861,5
4862,2
4863,4
4864,3
4865,1
4866,7
4867,5
4868,2
4869,4
4870,2
4871,7
4872,4
4873,6
4874,3
4875,4
4876,2
4877,4
4878,4
4879,3
4880,4
4881,4
4882,2
4883,5
4884,5
4885,7
4886,7
4887,3
4888,5
4889,2
4890,5
4891,4
4892,7
4893,3
4894,5
4895,4
4896,2
4897,4
4898,3
4899,4
4900,8
4901,6
4902,6
4903,4
4904,8
4905,4
4906,3
4907,4
4908,6
4909,6
4910,3
4911,3
4912,7
4913,7
4914,1
4915,3
4916,7
4917,3
4918,5
4919,1
4920,5
4921,3
4922,5
4923,2
4924,8
4925,5
4926,4
4927,8
4928,3
4929,1
4930,2
4931,6
4932,6
4933,3
4934,3
4935,4
4936,5
4937,4
4938,3
4939,7
4940,8
4941,6
4942,5
4943,2
4944,4
4945,4
4946,8
4947,4
4948,3
4949,5
4950,3
4951,6
4952,2
4953,3
4954,2
4955,2
4956,1
4957,5
4958,8
4959,3
4960,4
4961,4
4962,2
4963,2
4964,4
4965,0
4966,2
4967,4
4968,4
4969,4
4970,4
4971,5
4972,5
4973,6
4974,4
4975,4
4976,7
4977,5
4978,4
4979,2
4980,1
4981,2
4982,4
4983,4
4984,2
4985,3
4986,3
4987,5
4988,6
4989,5
4990,4
4991,3
4992,3
4993,4
4994,5
4995,3
4996,6
4997,4
4998,3
4999,7
5000,2
5001,2
5002,1
5003,3
5004,2
5005,5
5006,3
5007,2
5008,1
5009,4
5010,1
5011,5
5012,2
5013,7
5014,7
5015,4
5016,5
5017,7
5018,3
5019,2
5020,4
5021,2
5022,7
5023,3
5024,2
5025,4
5026,7
5027,3
5028,4
5029,4
5030,4
5031,6
5032,3
5033,2
5034,6
5035,6
5036,5
5037,3
5038,2
5039,4
5040,3
5041,6
5042,6
5043,3
5044,4
5045,6
5046,2
5047,1
5048,4
5049,3
5050,4
5051,4
5052,5
5053,4
5054,3
5055,7
5056,6
5057,3
5058,4
5059,4
5060,2
5061,4
5062,0
5063,2
5064,3
5065,3
5066,5
5067,2
5068,5
5069,7
5070,7
5071,3
5072,3
5073,2
5074,6
5075,2
5076,5
5077,6
5078,4
5079,3
5080,3
5081,2
5082,2
5083,7
5084,3
5085,5
5086,5
5087,3
5088,2
5089,5
5090,6
5091,5
5092,5
5093,9
5094,7
5095,3
5096,5
5097,4
5098,7
5099,8
5100,7
5101,4
5102,2
5103,3
5104,2
5105,2
5106,4
5107,3
5108,3
5109,5
5110,3
5111,2
5112,9
5113,4
5114,2
5115,3
5116,7
5117,2
5118,3
5119,5
5120,4
5121,2
5122,7
5123,3
5124,5
5125,3
5126,8
5127,7
5128,5
5129,0
5130,8
5131,3
5132,3
5133,7
5134,3
5135,2
5136,3
5137,2
5138,4
5139,4
5140,5
5141,6
5142,2
5143,3
5144,7
5145,2
5146,3
5147,3
5148,5
5149,11
5150,6
5151,6
5152,3
5153,9
5154,15
5155,2
5156,5
5157,5
5158,5
5159,7
5160,7
5161,4
5162,3
5163,4
5164,4
5165,3
5166,6
5167,5
5168,2
5169,6
5170,6
5171,5
5172,2
5173,4
5174,3
5175,6
5176,6
5177,4
5178,5
5179,5
5180,6
5181,1
5182,5
5183,2
5184,7
5185,2
5186,2
5187,4
5188,4
5189,5
5190,5
5191,6
5192,6
5193,4
5194,3
5195,2
5196,5
5197,2
5198,6
5199,1
5200,6
5201,4
5202,5
5203,6
5204,5
5205,4
5206,1
5207,6
5208,4
5209,4
5210,4
5211,3
5212,3
5213,4
5214,6
5215,7
5216,3
5217,3
5218,6
5219,2
5220,5
5221,4
5222,4
5223,1
5224,6
5225,3
5226,2
5227,5
5228,6
5229,3
5230,3
5231,2
5232,4
5233,4
5234,5
5235,5
5236,7
5237,3
5238,6
5239,4
5240,7
5241,2
5242,4
5243,3
5244,2
5245,5
5246,5
5247,4
5248,6
5249,5
5250,10
5251,5
5252,4
5253,2
5254,6
5255,3
5256,2
5257,7
5258,3
5259,5
5260,4
5261,5
5262,4
5263,6
5264,5
5265,4
5266,5
5267,4
5268,8
5269,6
5270,4
5271,3
5272,6
5273,2
5274,5
5275,10
5276,5
5277,5
5278,3
5279,4
5280,5
5281,4
5282,3
5283,2
5284,2
5285,2
5286,4
5287,6
5288,7
5289,3
5290,4
5291,4
5292,2
5293,1
5294,1
5295,4
5296,2
5297,4
5298,4
5299,3
5300,7
5301,8
5302,6
5303,6
5304,4
5305,6
5306,2
5307,4
5308,5
5309,1
5310,3
5311,4
5312,2
5313,10
5314,5
5315,4
5316,5
5317,5
5318,6
5319,4
5320,4
5321,4
5322,5
5323,4
5324,7
5325,4
5326,5
5327,3
5328,6
5329,4
5330,3
5331,6
5332,2
5333,5
5334,7
5335,3
5336,7
5337,8
5338,7
5339,10
5340,1
5341,2
5342,4
5343,3
5344,3
5345,3
5346,5
5347,4
5348,1
5349,1
5350,5
5351,7
5352,3
5353,2
5354,4
5355,5
5356,3
5357,2
5358,5
5359,6
5360,7
5361,7
5362,4
5363,7
5364,3
5365,5
5366,2
5367,5
5368,9
5369,5
5370,4
5371,7
5372,5
5373,3
5374,4
5375,1
5376,7
5377,6
5378,6
5379,5
5380,4
5381,7
5382,2
5383,4
5384,5
5385,4
5386,9
5387,8
5388,3
5389,2
5390,5
5391,9
5392,4
5393,4
5394,5
5395,2
5396,4
5397,3
5398,4
5399,7
5400,6
5401,6
5402,3
5403,4
5404,3
5405,1
5406,1
5407,1
5408,4
5409,4
5410,4
5411,1
5412,3
5413,3
5414,7
5415,1
5416,1
5417,6
5418,2
5419,7
5420,6
5421,3
5422,3
5423,3
5424,8
5425,3
5426,3
5427,3
5428,6
5429,7
5430,6
5431,7
5432,4
5433,5
5434,3
5435,5
5436,5
5437,2
5438,5
5439,5
5440,7
5441,6
5442,4
5443,4
5444,1
5445,3
5446,7
5447,6
5448,10
5449,5
5450,3
5451,2
5452,8
5453,5
5454,6
5455,1
5456,3
5457,9
5458,7
5459,5
5460,4
5461,3
5462,1
5463,4
5464,5
5465,4
5466,3
5467,4
5468,3
5469,3
5470,3
5471,3
5472,3
5473,7
5474,2
5475,5
5476,4
5477,4
5478,3
5479,5
5480,6
5481,3
5482,1
5483,6
5484,6
5485,5
5486,6
5487,4
5488,1
5489,6
5490,2
5491,3
5492,4
5493,5
5494,3
5495,5
5496,6
5497,7
5498,3
5499,4
5500,7
5501,6
5502,3
5503,3
5504,3
5505,5
5506,4
5507,4
5508,6
5509,2
5510,0
5511,5
5512,4
5513,2
5514,1
5515,1
5516,5
5517,3
5518,3
5519,3
5520,4
5521,9
5522,9
5523,6
5524,3
5525,2
5526,5
5527,3
5528,4
5529,3
5530,10
5531,5
5532,5
5533,3
5534,3
5535,7
5536,6
5537,4
5538,5
5539,6
5540,2
5541,5
5542,2
5543,3
5544,6
5545,7
5546,5
5547,4
5548,6
5549,5
5550,4
5551,3
5552,5
5553,9
5554,5
5555,3
5556,6
5557,6
5558,3
5559,2
5560,4
5561,4
5562,6
5563,1
5564,5
5565,5
5566,3
5567,3
5568,4
5569,6
5570,3
5571,6
5572,5
5573,5
5574,6
5575,6
5576,6
5577,3
5578,1
5579,2
5580,6
5581,6
5582,2
5583,6
5584,5
5585,5
5586,4
5587,2
5588,5
5589,1
5590,5
5591,3
5592,7
5593,5
5594,4
5595,8
5596,4
5597,1
5598,4
5599,4
5600,6
5601,3
5602,10
5603,2
5604,4
5605,3
5606,3
5607,2
5608,4
5609,3
5610,6
5611,6
5612,4
5613,5
5614,4
5615,6
5616,6
5617,2
5618,4
5619,4
5620,3
5621,8
5622,4
5623,2
5624,3
5625,5
5626,4
5627,3
5628,6
5629,5
5630,4
5631,4
5632,6
5633,4
5634,5
5635,1
5636,5
5637,4
5638,5
5639,5
5640,4
5641,4
5642,5
5643,2
5644,4
5645,7
5646,6
5647,2
5648,2
5649,4
5650,3
5651,8
5652,4
5653,5
5654,4
5655,5
5656,2
5657,2
5658,6
5659,5
5660,6
5661,3
5662,3
5663,4
5664,4
5665,3
5666,4
5667,6
5668,3
5669,6
5670,4
5671,2
5672,6
5673,3
5674,5
5675,5
5676,4
5677,5
5678,5
5679,2
5680,4
5681,1
5682,3
5683,4
5684,6
5685,3
5686,5
5687,2
5688,8
5689,5
5690,6
5691,7
5692,7
5693,4
5694,3
5695,5
5696,5
5697,4
5698,4
5699,5
5700,5
5701,4
5702,4
5703,4
5704,6
5705,6
5706,3
5707,7
5708,3
5709,4
5710,6
5711,4
5712,5
5713,4
5714,7
5715,6
5716,8
5717,5
5718,7
5719,3
5720,6
5721,3
5722,5
5723,3
5724,1
5725,5
5726,1
5727,4
5728,5
5729,6
5730,6
5731,4
5732,4
5733,3
5734,4
5735,4
5736,5
5737,2
5738,6
5739,7
5740,3
5741,7
5742,8
5743,5
5744,2
5745,3
5746,2
5747,6
5748,2
5749,5
5750,7
5751,2
5752,3
5753,3
5754,3
5755,4
5756,4
5757,3
5758,2
5759,3
5760,5
5761,3
5762,4
5763,0
5764,4
5765,2
5766,4
5767,5
5768,5
5769,3
5770,6
5771,2
5772,1
5773,5
5774,2
5775,8
5776,6
5777,7
5778,6
5779,1
5780,4
5781,2
5782,6
5783,3
5784,6
5785,2
5786,2
5787,5
5788,5
5789,2
5790,3
5791,4
5792,3
5793,1
5794,4
5795,2
5796,2
5797,5
5798,2
5799,3
5800,3
5801,3
5802,3
5803,2
5804,2
5805,4
5806,5
5807,4
5808,3
5809,4
5810,3
5811,7
5812,2
5813,4
5814,5
5815,5
5816,6
5817,4
5818,4
5819,3
5820,7
5821,4
5822,4
5823,4
5824,4
5825,6
5826,4
5827,8
5828,6
5829,4
5830,2
5831,3
5832,5
5833,5
5834,5
5835,1
5836,2
5837,4
5838,3
5839,4
5840,5
5841,7
5842,5
5843,7
5844,4
5845,4
5846,5
5847,6
5848,5
5849,4
5850,1
5851,2
5852,6
5853,2
5854,5
5855,6
5856,4
5857,3
5858,6
5859,5
5860,3
5861,2
5862,3
5863,2
5864,4
5865,5
5866,5
5867,4
5868,6
5869,3
5870,4
5871,3
5872,7
5873,4
5874,2
5875,3
5876,3
5877,5
5878,5
5879,1
5880,4
5881,4
5882,3
5883,4
5884,6
5885,4
5886,5
5887,4
5888,3
5889,3
5890,6
5891,6
5892,3
5893,3
5894,3
5895,5
5896,3
5897,3
5898,4
5899,2
5900,4
5901,4
5902,2
5903,7
5904,5
5905,3
5906,0
5907,5
5908,2
5909,3
5910,5
5911,3
5912,3
5913,3
5914,3
5915,4
5916,2
5917,1
5918,4
5919,5
5920,2
5921,3
5922,2
5923,3
5924,4
5925,2
5926,5
5927,5
5928,3
5929,2
5930,4
5931,10
5932,3
5933,2
5934,4
5935,2
5936,3
5937,4
5938,1
5939,4
5940,5
5941,5
5942,8
5943,4
5944,3
5945,6
5946,4
5947,3
5948,2
5949,5
5950,2
5951,5
5952,3
5953,5
5954,1
5955,7
5956,4
5957,3
5958,3
5959,6
5960,3
5961,4
5962,3
5963,5
5964,5
5965,5
5966,4
5967,2
5968,4
5969,5
5970,4
5971,7
5972,3
5973,2
5974,1
5975,5
5976,2
5977,5
5978,4
5979,6
5980,6
5981,5
5982,3
5983,3
5984,4
5985,2
5986,2
5987,6
5988,3
5989,3
5990,6
5991,3
5992,4
5993,7
5994,5
5995,6
5996,0
5997,4
5998,2
5999,3
6000,8
6001,4
6002,2
6003,4
6004,2
6005,5
6006,4
6007,7
6008,4
6009,4
6010,4
6011,5
6012,5
6013,7
6014,4
6015,5
6016,4
6017,4
6018,2
6019,4
6020,2
6021,2
6022,4
6023,3
6024,2
6025,3
6026,3
6027,3
6028,4
6029,3
6030,4
6031,8
6032,6
6033,5
6034,2
6035,4
6036,5
6037,5
6038,4
6039,3
6040,3
6041,3
6042,4
6043,3
6044,4
6045,6
6046,4
6047,6
6048,3
6049,8
6050,4
6051,2
6052,1
6053,2
6054,5
6055,6
6056,3
6057,3
6058,5
6059,5
6060,3
6061,6
6062,5
6063,3
6064,1
6065,3
6066,3
6067,2
6068,4
6069,4
6070,5
6071,5
6072,3
6073,6
6074,3
6075,1
6076,9
6077,3
6078,3
6079,4
6080,7
6081,2
6082,5
6083,5
6084,4
6085,5
6086,5
6087,6
6088,7
6089,4
6090,3
6091,4
6092,4
6093,1
6094,6
6095,6
6096,1
6097,6
6098,4
6099,5
6100,5
6101,2
6102,4
6103,5
6104,3
6105,5
6106,5
6107,3
6108,2
6109,5
6110,2
6111,4
6112,3
6113,7
6114,6
6115,3
6116,5
6117,4
6118,6
6119,5
6120,4
6121,0
6122,6
6123,7
6124,3
6125,3
6126,6
6127,4
6128,3
6129,4
6130,3
6131,6
6132,6
6133,5
6134,4
6135,8
6136,2
6137,3
6138,6
6139,4
6140,5
6141,4
6142,4
6143,6
6144,3
6145,2
6146,3
6147,0
6148,6
6149,1
6150,2
6151,6
6152,4
6153,4
6154,4
6155,5
6156,1
6157,8
6158,1
6159,7
6160,3
6161,5
6162,3
6163,3
6164,4
6165,8
6166,2
6167,4
6168,5
6169,3
6170,5
6171,3
6172,5
6173,7
6174,5
6175,3
6176,4
6177,3
6178,3
6179,5
6180,3
6181,6
6182,6
6183,1
6184,4
6185,3
6186,2
6187,3
6188,4
6189,4
6190,5
6191,3
6192,4
6193,5
6194,2
6195,5
6196,2
6197,1
6198,2
6199,1
6200,8
6201,4
6202,3
6203,2
6204,3
6205,6
6206,4
6207,6
6208,3
6209,4
6210,3
6211,3
6212,5
6213,8
6214,5
6215,4
6216,4
6217,4
6218,1
6219,3
6220,1
6221,5
6222,5
6223,5
6224,4
6225,4
6226,1
6227,3
6228,3
6229,3
6230,2
6231,2
6232,3
6233,3
6234,6
6235,0
6236,2
6237,5
6238,6
6239,5
6240,4
6241,4
6242,6
6243,5
6244,4
6245,2
6246,4
6247,2
6248,5
6249,3
6250,6
6251,1
6252,8
6253,1
6254,3
6255,6
6256,5
6257,5
6258,9
6259,3
6260,2
6261,3
6262,4
6263,9
6264,5
6265,7
6266,6
6267,1
6268,6
6269,4
6270,6
6271,5
6272,8
6273,3
6274,3
6275,5
6276,4
6277,1
6278,2
6279,1
6280,2
6281,2
6282,5
6283,4
6284,4
6285,6
6286,3
6287,4
6288,3
6289,6
6290,5
6291,3
6292,5
6293,3
6294,4
6295,3
6296,7
6297,2
6298,3
6299,9
6300,4
6301,3
6302,3
6303,4
6304,6
6305,7
6306,3
6307,4
6308,3
6309,6
6310,5
6311,2
6312,4
6313,8
6314,3
6315,4
6316,3
6317,7
6318,0
6319,5
6320,6
6321,3
6322,6
6323,3
6324,8
6325,3
6326,4
6327,3
6328,2
6329,9
6330,6
6331,5
6332,4
6333,4
6334,5
6335,6
6336,2
6337,6
6338,7
6339,3
6340,2
6341,4
6342,6
6343,3
6344,6
6345,7
6346,4
6347,4
6348,5
6349,3
6350,4
6351,2
6352,5
6353,4
6354,8
6355,3
6356,4
6357,7
6358,1
6359,4
6360,6
6361,2
6362,3
6363,3
6364,8
6365,5
6366,7
6367,2
6368,4
6369,4
6370,4
6371,6
6372,3
6373,4
6374,3
6375,3
6376,2
6377,2
6378,3
6379,3
6380,4
6381,5
6382,5
6383,3
6384,3
6385,7
6386,1
6387,11
6388,5
6389,7
6390,4
6391,4
6392,7
6393,6
6394,7
6395,2
6396,4
6397,2
6398,7
6399,5
6400,2
6401,3
6402,4
6403,8
6404,5
6405,5
6406,6
6407,5
6408,6
6409,3
6410,4
6411,4
6412,5
6413,5
6414,1
6415,2
6416,5
6417,9
6418,3
6419,5
6420,2
6421,0
6422,4
6423,3
6424,3
6425,3
6426,5
6427,3
6428,6
6429,3
6430,1
6431,6
6432,6
6433,3
6434,4
6435,4
6436,5
6437,2
6438,7
6439,5
6440,3
6441,6
6442,2
6443,7
6444,3
6445,3
6446,4
6447,6
6448,2
6449,4
6450,5
6451,3
6452,1
6453,9
6454,5
6455,6
6456,4
6457,5
6458,4
6459,5
6460,10
6461,4
6462,4
6463,5
6464,6
6465,5
6466,7
6467,3
6468,5
6469,5
6470,1
6471,7
6472,5
6473,7
6474,4
6475,3
6476,4
6477,4
6478,5
6479,5
6480,6
6481,4
6482,4
6483,5
6484,3
6485,13
6486,6
6487,2
6488,5
6489,5
6490,3
6491,6
6492,1
6493,4
6494,4
6495,4
6496,3
6497,3
6498,5
6499,6
6500,1
6501,5
6502,4
6503,8
6504,4
6505,2
6506,4
6507,6
6508,2
6509,4
6510,3
6511,5
6512,6
6513,2
6514,6
6515,6
6516,4
6517,5
6518,2
6519,3
6520,3
6521,5
6522,2
6523,3
6524,3
6525,6
6526,8
6527,3
6528,2
6529,4
6530,5
6531,8
6532,2
6533,4
6534,2
6535,4
6536,3
6537,3
6538,5
6539,3
6540,3
6541,5
6542,4
6543,4
6544,0
6545,4
6546,6
6547,1
6548,2
6549,6
6550,6
6551,5
6552,3
6553,5
6554,3
6555,6
6556,5
6557,6
6558,4
6559,7
6560,6
6561,5
6562,6
6563,7
6564,2
6565,5
6566,3
6567,2
6568,6
6569,4
6570,3
6571,8
6572,3
6573,2
6574,1
6575,6
6576,5
6577,11
6578,2
6579,4
6580,4
6581,5
6582,5
6583,3
6584,4
6585,1
6586,4
6587,3
6588,2
6589,4
6590,2
6591,2
6592,3
6593,1
6594,2
6595,1
6596,6
6597,1
6598,2
6599,5
6600,1
6601,3
6602,2
6603,5
6604,5
6605,2
6606,2
6607,4
6608,3
6609,3
6610,4
6611,3
6612,1
6613,4
6614,2
6615,4
6616,8
6617,3
6618,4
6619,2
6620,0
6621,5
6622,3
6623,5
6624,3
6625,3
6626,7
6627,8
6628,4
6629,6
6630,7
6631,6
6632,6
6633,4
6634,5
6635,3
6636,5
6637,2
6638,1
6639,5
6640,6
6641,3
6642,2
6643,2
6644,3
6645,3
6646,3
6647,5
6648,7
6649,8
6650,3
6651,3
6652,3
6653,4
6654,6
6655,5
6656,5
6657,5
6658,2
6659,3
6660,4
6661,6
6662,6
6663,1
6664,5
6665,4
6666,2
6667,6
6668,5
6669,5
6670,3
6671,6
6672,3
6673,2
6674,2
6675,2
6676,3
6677,3
6678,5
6679,2
6680,3
6681,8
6682,1
6683,5
6684,5
6685,2
6686,2
6687,3
6688,6
6689,4
6690,7
6691,3
6692,5
6693,5
6694,4
6695,4
6696,3
6697,4
6698,7
6699,7
6700,1
6701,6
6702,3
6703,6
6704,0
6705,3
6706,3
6707,3
6708,3
6709,3
6710,7
6711,2
6712,5
6713,3
6714,5
6715,4
6716,0
6717,4
6718,2
6719,4
6720,5
6721,5
6722,1
6723,3
6724,6
6725,9
6726,5
6727,2
6728,4
6729,5
6730,4
6731,1
6732,8
6733,4
6734,2
6735,7
6736,3
6737,5
6738,4
6739,3
6740,4
6741,4
6742,3
6743,4
6744,4
6745,4
6746,4
6747,4
6748,2
6749,2
6750,7
6751,5
6752,5
6753,4
6754,4
6755,3
6756,5
6757,3
6758,3
6759,7
6760,10
6761,6
6762,3
6763,4
6764,3
6765,5
6766,5
6767,7
6768,5
6769,4
6770,7
6771,6
6772,3
6773,6
6774,1
6775,5
6776,2
6777,5
6778,5
6779,1
6780,2
6781,7
6782,4
6783,5
6784,4
6785,4
6786,2
6787,4
6788,2
6789,2
6790,1
6791,4
6792,6
6793,3
6794,4
6795,5
6796,4
6797,3
6798,3
6799,7
6800,4
6801,6
6802,5
6803,6
6804,4
6805,4
6806,3
6807,3
6808,5
6809,7
6810,7
6811,6
6812,2
6813,6
6814,5
6815,2
6816,5
6817,7
6818,2
6819,2
6820,2
6821,1
6822,7
6823,5
6824,2
6825,3
6826,4
6827,5
6828,2
6829,1
6830,5
6831,8
6832,5
6833,6
6834,6
6835,5
6836,7
6837,1
6838,3
6839,0
6840,6
6841,7
6842,7
6843,3
6844,2
6845,5
6846,3
6847,6
6848,6
6849,5
6850,4
6851,6
6852,4
6853,6
6854,2
6855,3
6856,4
6857,4
6858,0
6859,5
6860,5
6861,3
6862,5
6863,4
6864,5
6865,5
6866,5
6867,4
6868,3
6869,4
6870,5
6871,4
6872,5
6873,3
6874,5
6875,3
6876,5
6877,2
6878,2
6879,6
6880,3
6881,2
6882,3
6883,5
6884,2
6885,5
6886,2
6887,6
6888,6
6889,7
6890,3
6891,7
6892,8
6893,6
6894,5
6895,3
6896,3
6897,5
6898,5
6899,2
6900,4
6901,6
6902,3
6903,2
6904,4
6905,5
6906,4
6907,3
6908,5
6909,3
6910,5
6911,4
6912,2
6913,3
6914,1
6915,3
6916,3
6917,3
6918,7
6919,6
6920,3
6921,6
6922,7
6923,4
6924,3
6925,6
6926,4
6927,3
6928,3
6929,2
6930,5
6931,4
6932,2
6933,4
6934,1
6935,3
6936,6
6937,5
6938,1
6939,4
6940,5
6941,6
6942,3
6943,4
6944,11
6945,6
6946,6
6947,4
6948,4
6949,1
6950,4
6951,6
6952,6
6953,4
6954,2
6955,4
6956,2
6957,8
6958,4
6959,7
6960,6
6961,3
6962,2
6963,3
6964,6
6965,11
6966,5
6967,3
6968,5
6969,4
6970,8
6971,8
6972,4
6973,6
6974,6
6975,4
6976,5
6977,5
6978,7
6979,4
6980,4
6981,3
6982,4
6983,4
6984,7
6985,6
6986,4
6987,4
6988,6
6989,5
6990,6
6991,6
6992,2
6993,6
6994,7
6995,4
6996,5
6997,3
6998,2
6999,4
7000,5
7001,4
7002,0
7003,6
7004,6
7005,2
7006,2
7007,5
7008,3
7009,5
7010,4
7011,5
7012,4
7013,6
7014,3
7015,3
7016,5
7017,4
7018,3
7019,5
7020,3
7021,4
7022,5
7023,3
7024,3
7025,1
7026,5
7027,3
7028,6
7029,6
7030,2
7031,4
7032,3
7033,7
7034,2
7035,4
7036,5
7037,2
7038,6
7039,8
7040,6
7041,9
7042,3
7043,3
7044,5
7045,1
7046,3
7047,9
7048,3
7049,4
7050,5
7051,1
7052,5
7053,1
7054,5
7055,5
7056,2
7057,4
7058,2
7059,6
7060,5
7061,4
7062,7
7063,4
7064,3
7065,4
7066,5
7067,4
7068,5
7069,5
7070,5
7071,5
7072,2
7073,7
7074,2
7075,5
7076,3
7077,4
7078,4
7079,3
7080,2
7081,3
7082,7
7083,2
7084,3
7085,6
7086,3
7087,2
7088,4
7089,4
7090,0
7091,3
7092,3
7093,3
7094,3
7095,4
7096,2
7097,1
7098,1
7099,3
7100,4
7101,3
7102,6
7103,7
7104,3
7105,2
7106,3
7107,3
7108,5
7109,7
7110,8
7111,3
7112,4
7113,3
7114,4
7115,5
7116,5
7117,4
7118,7
7119,2
7120,5
7121,1
7122,6
7123,4
7124,6
7125,7
7126,5
7127,2
7128,3
7129,3
7130,6
7131,4
7132,3
7133,6
7134,2
7135,5
7136,0
7137,6
7138,3
7139,6
7140,6
7141,1
7142,2
7143,8
7144,7
7145,6
7146,4
7147,3
7148,8
7149,4
7150,1
7151,5
7152,2
7153,5
7154,0
7155,5
7156,8
7157,4
7158,5
7159,2
7160,2
7161,4
7162,7
7163,7
7164,7
7165,2
7166,2
7167,4
7168,3
7169,3
7170,8
7171,6
7172,3
7173,3
7174,6
7175,3
7176,4
7177,1
7178,4
7179,6
7180,5
7181,3
7182,5
7183,4
7184,4
7185,2
7186,8
7187,6
7188,6
7189,2
7190,3
7191,5
7192,6
7193,2
7194,4
7195,0
7196,2
7197,7
7198,4
7199,0
7200,3
7201,3
7202,4
7203,7
7204,5
7205,5
7206,6
7207,2
7208,6
7209,2
7210,4
7211,7
7212,1
7213,2
7214,8
7215,5
7216,4
7217,4
7218,5
7219,5
7220,4
7221,4
7222,5
7223,6
7224,6
7225,3
7226,4
7227,3
7228,3
7229,6
7230,6
7231,3
7232,3
7233,5
7234,7
7235,4
7236,5
7237,10
7238,4
7239,3
7240,5
7241,5
7242,5
7243,5
7244,2
7245,2
7246,2
7247,6
7248,6
7249,1
7250,3
7251,6
7252,2
7253,7
7254,5
7255,1
7256,3
7257,5
7258,3
7259,6
7260,7
7261,5
7262,5
7263,2
7264,7
7265,4
7266,2
7267,3
7268,6
7269,8
7270,0
7271,2
7272,6
7273,3
7274,3
7275,6
7276,5
7277,7
7278,1
7279,3
7280,3
7281,2
7282,4
7283,3
7284,5
7285,2
7286,4
7287,5
7288,4
7289,5
7290,2
7291,2
7292,8
7293,4
7294,3
7295,4
7296,4
7297,2
7298,7
7299,5
7300,4
7301,4
7302,7
7303,3
7304,6
7305,1
7306,4
7307,4
7308,2
7309,6
7310,6
7311,0
7312,4
7313,6
7314,5
7315,2
7316,3
7317,4
7318,4
7319,4
7320,2
7321,1
7322,5
7323,4
7324,2
7325,6
7326,2
7327,4
7328,3
7329,5
7330,3
7331,8
7332,5
7333,5
7334,4
7335,5
7336,5
7337,6
7338,3
7339,3
7340,2
7341,5
7342,6
7343,3
7344,5
7345,5
7346,2
7347,5
7348,4
7349,4
7350,9
7351,7
7352,6
7353,2
7354,5
7355,3
7356,1
7357,4
7358,8
7359,3
7360,8
7361,4
7362,2
7363,0
7364,3
7365,0
7366,5
7367,6
7368,6
7369,1
7370,1
7371,0
7372,3
7373,3
7374,5
7375,4
7376,9
7377,5
7378,4
7379,5
7380,0
7381,4
7382,6
7383,7
7384,2
7385,4
7386,2
7387,6
7388,2
7389,5
7390,4
7391,5
7392,3
7393,2
7394,3
7395,4
7396,2
7397,6
7398,5
7399,2
7400,3
7401,10
7402,4
7403,5
7404,5
7405,2
7406,7
7407,6
7408,8
7409,7
7410,5
7411,4
7412,1
7413,5
7414,7
7415,4
7416,4
7417,3
7418,5
7419,4
7420,6
7421,4
7422,5
7423,5
7424,4
7425,5
7426,8
7427,4
7428,1
7429,4
7430,5
7431,4
7432,7
7433,2
7434,3
7435,3
7436,4
7437,2
7438,7
7439,5
7440,6
7441,5
7442,6
7443,5
7444,7
7445,11
7446,5
7447,5
7448,2
7449,6
7450,8
7451,10
7452,3
7453,3
7454,3
7455,4
7456,4
7457,3
7458,9
7459,5
7460,5
7461,2
7462,6
7463,4
7464,6
7465,4
7466,3
7467,6
7468,4
7469,2
7470,7
7471,3
7472,5
7473,3
7474,4
7475,4
7476,4
7477,3
7478,3
7479,2
7480,7
7481,5
7482,6
7483,3
7484,3
7485,3
7486,6
7487,3
7488,3
7489,4
7490,4
7491,2
7492,2
7493,6
7494,5
7495,5
7496,4
7497,2
7498,6
7499,4
7500,2
7501,5
7502,9
7503,5
7504,5
7505,4
7506,5
7507,4
7508,2
7509,4
7510,5
7511,3
7512,1
7513,4
7514,3
7515,4
7516,3
7517,5
7518,5
7519,6
7520,6
7521,4
7522,3
7523,5
7524,3
7525,2
7526,5
7527,5
7528,3
7529,6
7530,2
7531,5
7532,5
7533,1
7534,3
7535,2
7536,2
7537,3
7538,5
7539,4
7540,3
7541,3
7542,3
7543,4
7544,2
7545,8
7546,3
7547,6
7548,5
7549,0
7550,3
7551,2
7552,4
7553,3
7554,4
7555,2
7556,6
7557,3
7558,7
7559,3
7560,6
7561,4
7562,8
7563,2
7564,5
7565,6
7566,4
7567,6
7568,5
7569,3
7570,2
7571,5
7572,2
7573,3
7574,2
7575,3
7576,2
7577,1
7578,5
7579,3
7580,5
7581,2
7582,4
7583,6
7584,3
7585,5
7586,5
7587,5
7588,2
7589,4
7590,2
7591,6
7592,6
7593,4
7594,5
7595,2
7596,5
7597,3
7598,1
7599,5
7600,2
7601,2
7602,3
7603,4
7604,8
7605,4
7606,4
7607,3
7608,4
7609,4
7610,3
7611,1
7612,2
7613,2
7614,4
7615,5
7616,6
7617,2
7618,4
7619,2
7620,6
7621,5
7622,5
7623,4
7624,7
7625,3
7626,5
7627,5
7628,5
7629,7
7630,4
7631,4
7632,1
7633,9
7634,6
7635,4
7636,3
7637,3
7638,2
7639,4
7640,4
7641,4
7642,2
7643,3
7644,2
7645,3
7646,2
7647,6
7648,6
7649,6
7650,5
7651,4
7652,6
7653,4
7654,5
7655,3
7656,5
7657,10
7658,5
7659,4
7660,4
7661,6
7662,3
7663,2
7664,5
7665,3
7666,6
7667,6
7668,9
7669,3
7670,5
7671,6
7672,5
7673,2
7674,3
7675,5
7676,1
7677,3
7678,3
7679,7
7680,4
7681,3
7682,6
7683,3
7684,3
7685,1
7686,3
7687,1
7688,3
7689,2
7690,5
7691,7
7692,10
7693,6
7694,8
7695,2
7696,4
7697,3
7698,2
7699,1
7700,3
7701,6
7702,5
7703,3
7704,7
7705,4
7706,1
7707,9
7708,2
7709,2
7710,6
7711,6
7712,6
7713,7
7714,5
7715,4
7716,8
7717,5
7718,3
7719,9
7720,3
7721,3
7722,2
7723,5
7724,5
7725,2
7726,3
7727,4
7728,2
7729,7
7730,6
7731,3
7732,3
7733,5
7734,3
7735,4
7736,8
7737,4
7738,6
7739,7
7740,6
7741,9
7742,7
7743,6
7744,3
7745,8
7746,4
7747,4
7748,5
7749,5
7750,3
7751,7
7752,5
7753,5
7754,6
7755,1
7756,2
7757,4
7758,5
7759,3
7760,4
7761,6
7762,9
7763,4
7764,4
7765,4
7766,4
7767,6
7768,2
7769,3
7770,4
7771,3
7772,6
7773,3
7774,4
7775,2
7776,7
7777,5
7778,8
7779,5
7780,5
7781,3
7782,3
7783,2
7784,9
7785,6
7786,3
7787,5
7788,2
7789,5
7790,6
7791,4
7792,5
7793,2
7794,2
7795,3
7796,7
7797,4
7798,3
7799,2
7800,4
7801,5
7802,8
7803,2
7804,3
7805,4
7806,6
7807,5
7808,5
7809,4
7810,7
7811,4
7812,5
7813,3
7814,4
7815,3
7816,3
7817,3
7818,7
7819,6
7820,5
7821,4
7822,3
7823,3
7824,3
7825,5
7826,2
7827,7
7828,3
7829,5
7830,4
7831,10
7832,9
7833,5
7834,4
7835,6
7836,3
7837,3
7838,6
7839,6
7840,5
7841,2
7842,6
7843,4
7844,3
7845,3
7846,3
7847,3
7848,3
7849,4
7850,5
7851,4
7852,7
7853,8
7854,7
7855,1
7856,6
7857,2
7858,5
7859,3
7860,4
7861,2
7862,7
7863,4
7864,3
7865,2
7866,4
7867,2
7868,1
7869,6
7870,3
7871,6
7872,5
7873,5
7874,5
7875,6
7876,2
7877,2
7878,0
7879,1
7880,2
7881,5
7882,4
7883,5
7884,5
7885,6
7886,3
7887,5
7888,6
7889,4
7890,9
7891,3
7892,3
7893,3
7894,4
7895,4
7896,2
7897,9
7898,2
7899,5
7900,6
7901,2
7902,1
7903,0
7904,5
7905,3
7906,7
7907,3
7908,2
7909,4
7910,6
7911,6
7912,3
7913,6
7914,2
7915,6
7916,8
7917,5
7918,5
7919,4
7920,5
7921,6
7922,2
7923,4
7924,3
7925,4
7926,4
7927,6
7928,6
7929,2
7930,5
7931,2
7932,2
7933,3
7934,1
7935,3
7936,3
7937,5
7938,5
7939,5
7940,2
7941,6
7942,3
7943,4
7944,4
7945,3
7946,3
7947,6
7948,5
7949,5
7950,1
7951,3
7952,6
7953,1
7954,5
7955,4
7956,1
7957,4
7958,4
7959,4
7960,3
7961,6
7962,3
7963,3
7964,10
7965,6
7966,8
7967,1
7968,3
7969,3
7970,8
7971,2
7972,1
7973,6
7974,5
7975,4
7976,5
7977,4
7978,3
7979,5
7980,4
7981,6
7982,2
7983,4
7984,4
7985,4
7986,3
7987,10
7988,6
7989,6
7990,4
7991,2
7992,7
7993,3
7994,3
7995,6
7996,3
7997,4
7998,5
7999,5
8000,4
8001,2
8002,2
8003,4
8004,4
8005,6
8006,6
8007,6
8008,4
8009,7
8010,3
8011,7
8012,3
8013,1
8014,2
8015,10
8016,2
8017,7
8018,4
8019,2
8020,2
8021,2
8022,4
8023,3
8024,3
8025,5
8026,4
8027,7
8028,5
8029,5
8030,6
8031,2
8032,5
8033,3
8034,3
8035,3
8036,3
8037,3
8038,2
8039,6
8040,6
8041,9
8042,5
8043,4
8044,1
8045,3
8046,3
8047,8
8048,6
8049,7
8050,6
8051,7
8052,6
8053,5
8054,6
8055,5
8056,7
8057,5
8058,5
8059,1
8060,1
8061,2
8062,4
8063,3
8064,1
8065,4
8066,2
8067,2
8068,9
8069,6
8070,5
8071,4
8072,2
8073,4
8074,3
8075,3
8076,5
8077,1
8078,1
8079,2
8080,3
8081,2
8082,1
8083,2
8084,3
8085,7
8086,4
8087,6
8088,2
8089,5
8090,5
8091,8
8092,5
8093,9
8094,7
8095,5
8096,5
8097,3
8098,6
8099,2
8100,4
8101,3
8102,5
8103,4
8104,7
8105,4
8106,5
8107,6
8108,4
8109,4
8110,4
8111,4
8112,5
8113,7
8114,6
8115,8
8116,3
8117,5
8118,6
8119,2
8120,3
8121,9
8122,5
8123,3
8124,4
8125,2
8126,1
8127,2
8128,1
8129,3
8130,6
8131,5
8132,1
8133,5
8134,5
8135,3
8136,8
8137,6
8138,6
8139,1
8140,2
8141,5
8142,4
8143,5
8144,4
8145,7
8146,8
8147,3
8148,4
8149,6
8150,4
8151,4
8152,3
8153,7
8154,4
8155,5
8156,4
8157,3
8158,3
8159,1
8160,2
8161,2
8162,7
8163,4
8164,6
8165,3
8166,4
8167,5
8168,4
8169,4
8170,2
8171,3
8172,5
8173,2
8174,5
8175,3
8176,4
8177,2
8178,6
8179,3
8180,2
8181,7
8182,5
8183,8
8184,6
8185,3
8186,5
8187,5
8188,5
8189,3
8190,1
8191,2
8192,4
8193,5
8194,2
8195,3
8196,1
8197,4
8198,6
8199,6
8200,4
8201,5
8202,4
8203,4
8204,1
8205,2
8206,5
8207,4
8208,2
8209,3
8210,2
8211,7
8212,3
8213,4
8214,6
8215,5
8216,3
8217,5
8218,1
8219,8
8220,1
8221,4
8222,4
8223,6
8224,2
8225,5
8226,4
8227,3
8228,3
8229,1
8230,3
8231,5
8232,8
8233,4
8234,4
8235,5
8236,3
8237,1
8238,4
8239,3
8240,3
8241,3
8242,4
8243,0
8244,4
8245,6
8246,8
8247,5
8248,3
8249,5
8250,1
8251,6
8252,4
8253,7
8254,3
8255,4
8256,6
8257,5
8258,6
8259,5
8260,4
8261,5
8262,5
8263,2
8264,6
8265,5
8266,3
8267,3
8268,2
8269,7
8270,4
8271,9
8272,3
8273,5
8274,5
8275,1
8276,5
8277,4
8278,3
8279,2
8280,5
8281,5
8282,4
8283,5
8284,5
8285,3
8286,5
8287,3
8288,5
8289,2
8290,6
8291,8
8292,4
8293,4
8294,2
8295,4
8296,5
8297,5
8298,7
8299,4
8300,4
8301,5
8302,1
8303,4
8304,8
8305,2
8306,3
8307,2
8308,3
8309,4
8310,4
8311,3
8312,4
8313,3
8314,2
8315,5
8316,5
8317,2
8318,3
8319,7
8320,3
8321,7
8322,2
8323,7
8324,6
8325,4
8326,3
8327,2
8328,3
8329,9
8330,1
8331,3
8332,4
8333,3
8334,6
8335,5
8336,5
8337,4
8338,6
8339,6
8340,5
8341,2
8342,3
8343,1
8344,4
8345,6
8346,1
8347,4
8348,5
8349,3
8350,6
8351,4
8352,8
8353,1
8354,4
8355,2
8356,7
8357,4
8358,6
8359,8
8360,7
8361,4
8362,5
8363,7
8364,3
8365,5
8366,7
8367,1
8368,3
8369,2
8370,4
8371,6
8372,3
8373,3
8374,5
8375,7
8376,4
8377,3
8378,5
8379,9
8380,6
8381,3
8382,5
8383,8
8384,5
8385,4
8386,3
8387,2
8388,4
8389,5
8390,5
8391,4
8392,5
8393,5
8394,6
8395,2
8396,6
8397,4
8398,7
8399,5
8400,5
8401,5
8402,6
8403,2
8404,4
8405,5
8406,4
8407,6
8408,6
8409,4
8410,3
8411,6
8412,4
8413,2
8414,7
8415,3
8416,5
8417,1
8418,7
8419,5
8420,3
8421,3
8422,5
8423,5
8424,2
8425,6
8426,1
8427,2
8428,4
8429,6
8430,3
8431,6
8432,6
8433,1
8434,4
8435,1
8436,3
8437,5
8438,4
8439,3
8440,6
8441,4
8442,3
8443,5
8444,3
8445,5
8446,5
8447,1
8448,1
8449,8
8450,8
8451,6
8452,5
8453,6
8454,3
8455,5
8456,5
8457,4
8458,2
8459,5
8460,6
8461,6
8462,3
8463,3
8464,3
8465,6
8466,3
8467,2
8468,5
8469,7
8470,3
8471,5
8472,6
8473,4
8474,5
8475,3
8476,4
8477,2
8478,5
8479,6
8480,3
8481,5
8482,1
8483,5
8484,4
8485,4
8486,5
8487,4
8488,6
8489,8
8490,7
8491,6
8492,5
8493,7
8494,7
8495,5
8496,5
8497,2
8498,3
8499,6
8500,6
8501,4
8502,5
8503,4
8504,1
8505,3
8506,6
8507,6
8508,9
8509,3
8510,4
8511,5
8512,3
8513,5
8514,6
8515,4
8516,5
8517,2
8518,5
8519,6
8520,6
8521,5
8522,4
8523,3
8524,4
8525,4
8526,4
8527,7
8528,2
8529,3
8530,4
8531,4
8532,0
8533,5
8534,3
8535,5
8536,3
8537,6
8538,6
8539,6
8540,5
8541,4
8542,4
8543,2
8544,1
8545,4
8546,2
8547,4
8548,3
8549,2
8550,2
8551,3
8552,6
8553,1
8554,3
8555,3
8556,2
8557,7
8558,5
8559,7
8560,6
8561,8
8562,8
8563,5
8564,3
8565,2
8566,3
8567,3
8568,7
8569,7
8570,7
8571,5
8572,4
8573,2
8574,4
8575,3
8576,4
8577,4
8578,4
8579,5
8580,5
8581,2
8582,6
8583,4
8584,3
8585,5
8586,4
8587,4
8588,4
8589,4
8590,3
8591,2
8592,3
8593,3
8594,3
8595,10
8596,5
8597,2
8598,1
8599,8
8600,4
8601,0
8602,2
8603,2
8604,6
8605,5
8606,6
8607,1
8608,5
8609,6
8610,7
8611,5
8612,7
8613,6
8614,2
8615,4
8616,3
8617,3
8618,3
8619,7
8620,2
8621,2
8622,2
8623,1
8624,5
8625,7
8626,5
8627,4
8628,4
8629,4
8630,6
8631,7
8632,3
8633,6
8634,1
8635,5
8636,5
8637,4
8638,3
8639,4
8640,6
8641,4
8642,3
8643,3
8644,4
8645,2
8646,4
8647,3
8648,4
8649,5
8650,4
8651,8
8652,7
8653,6
8654,5
8655,4
8656,5
8657,3
8658,5
8659,3
8660,2
8661,5
8662,4
8663,2
8664,5
8665,5
8666,2
8667,4
8668,6
8669,5
8670,5
8671,6
8672,5
8673,6
8674,3
8675,2
8676,3
8677,2
8678,5
8679,3
8680,6
8681,5
8682,3
8683,2
8684,4
8685,5
8686,3
8687,2
8688,3
8689,3
8690,3
8691,5
8692,3
8693,4
8694,5
8695,6
8696,3
8697,7
8698,5
8699,5
8700,3
8701,2
8702,2
8703,3
8704,5
8705,6
8706,4
8707,6
8708,3
8709,4
8710,2
8711,3
8712,8
8713,7
8714,3
8715,2
8716,5
8717,6
8718,2
8719,2
8720,1
8721,4
8722,4
8723,4
8724,2
8725,5
8726,3
8727,3
8728,3
8729,7
8730,2
8731,3
8732,4
8733,10
8734,7
8735,7
8736,9
8737,4
8738,5
8739,7
8740,8
8741,4
8742,2
8743,7
8744,3
8745,3
8746,6
8747,7
8748,5
8749,3
8750,7
8751,2
8752,1
8753,6
8754,5
8755,2
8756,5
8757,3
8758,3
8759,4
8760,4
8761,2
8762,2
8763,7
8764,4
8765,6
8766,4
8767,2
8768,3
8769,4
8770,6
8771,4
8772,4
8773,5
8774,4
8775,4
8776,2
8777,3
8778,4
8779,4
8780,8
8781,2
8782,3
8783,5
8784,3
8785,4
8786,1
8787,1
8788,4
8789,4
8790,7
8791,6
8792,5
8793,3
8794,5
8795,5
8796,3
8797,6
8798,4
8799,8
8800,5
8801,0
8802,4
8803,6
8804,4
8805,5
8806,4
8807,2
8808,4
8809,5
8810,6
8811,6
8812,4
8813,7
8814,5
8815,2
8816,5
8817,4
8818,5
8819,5
8820,2
8821,6
8822,3
8823,5
8824,6
8825,6
8826,4
8827,2
8828,6
8829,3
8830,2
8831,0
8832,3
8833,3
8834,3
8835,11
8836,6
8837,7
8838,3
8839,3
8840,4
8841,7
8842,4
8843,7
8844,3
8845,2
8846,4
8847,1
8848,3
8849,2
8850,4
8851,7
8852,3
8853,5
8854,4
8855,2
8856,6
8857,6
8858,4
8859,4
8860,8
8861,5
8862,4
8863,6
8864,7
8865,4
8866,4
8867,3
8868,4
8869,3
8870,2
8871,3
8872,7
8873,7
8874,3
8875,5
8876,3
8877,4
8878,6
8879,4
8880,5
8881,4
8882,9
8883,3
8884,9
8885,2
8886,7
8887,1
8888,5
8889,3
8890,4
8891,0
8892,6
8893,2
8894,2
8895,4
8896,4
8897,4
8898,6
8899,8
8900,2
8901,3
8902,7
8903,7
8904,4
8905,4
8906,4
8907,5
8908,4
8909,5
8910,2
8911,7
8912,4
8913,3
8914,2
8915,5
8916,4
8917,1
8918,4
8919,4
8920,1
8921,4
8922,3
8923,2
8924,1
8925,4
8926,5
8927,5
8928,5
8929,5
8930,4
8931,3
8932,4
8933,1
8934,3
8935,5
8936,2
8937,5
8938,10
8939,2
8940,3
8941,4
8942,3
8943,3
8944,8
8945,4
8946,2
8947,7
8948,5
8949,5
8950,4
8951,3
8952,5
8953,4
8954,6
8955,3
8956,1
8957,7
8958,5
8959,0
8960,5
8961,4
8962,4
8963,3
8964,4
8965,6
8966,2
8967,3
8968,1
8969,1
8970,6
8971,1
8972,5
8973,8
8974,2
8975,2
8976,2
8977,7
8978,4
8979,3
8980,2
8981,5
8982,7
8983,3
8984,4
8985,3
8986,3
8987,2
8988,4
8989,2
8990,5
8991,4
8992,2
8993,6
8994,8
8995,3
8996,1
8997,4
8998,2
8999,6
9000,2
9001,5
9002,5
9003,3
9004,2
9005,7
9006,2
9007,5
9008,6
9009,3
9010,5
9011,5
9012,1
9013,4
9014,7
9015,3
9016,5
9017,5
9018,3
9019,5
9020,4
9021,5
9022,4
9023,5
9024,6
9025,2
9026,4
9027,7
9028,5
9029,4
9030,5
9031,5
9032,3
9033,5
9034,5
9035,5
9036,4
9037,7
9038,3
9039,2
9040,8
9041,2
9042,4
9043,2
9044,4
9045,4
9046,2
9047,3
9048,4
9049,5
9050,3
9051,7
9052,1
9053,4
9054,6
9055,4
9056,3
9057,2
9058,5
9059,6
9060,4
9061,3
9062,2
9063,2
9064,2
9065,1
9066,6
9067,4
9068,3
9069,2
9070,6
9071,4
9072,2
9073,7
9074,2
9075,5
9076,4
9077,9
9078,6
9079,2
9080,4
9081,4
9082,6
9083,2
9084,3
9085,6
9086,4
9087,2
9088,2
9089,7
9090,7
9091,5
9092,2
9093,4
9094,7
9095,3
9096,5
9097,3
9098,4
9099,4
9100,1
9101,3
9102,6
9103,7
9104,5
9105,4
9106,9
9107,3
9108,7
9109,4
9110,4
9111,3
9112,4
9113,2
9114,4
9115,2
9116,4
9117,4
9118,6
9119,3
9120,3
9121,7
9122,0
9123,1
9124,6
9125,7
9126,3
9127,9
9128,5
9129,4
9130,4
9131,3
9132,4
9133,4
9134,3
9135,5
9136,5
9137,4
9138,3
9139,2
9140,2
9141,4
9142,7
9143,5
9144,5
9145,4
9146,3
9147,3
9148,5
9149,7
9150,5
9151,4
9152,5
9153,4
9154,6
9155,5
9156,4
9157,4
9158,3
9159,4
9160,4
9161,4
9162,5
9163,7
9164,9
9165,5
9166,1
9167,5
9168,6
9169,4
9170,2
9171,4
9172,3
9173,3
9174,4
9175,2
9176,4
9177,3
9178,6
9179,2
9180,7
9181,3
9182,3
9183,4
9184,3
9185,6
9186,4
9187,1
9188,4
9189,2
9190,4
9191,4
9192,3
9193,3
9194,2
9195,4
9196,6
9197,5
9198,5
9199,3
9200,2
9201,4
9202,4
9203,4
9204,4
9205,4
9206,3
9207,3
9208,4
9209,7
9210,6
9211,6
9212,2
9213,3
9214,3
9215,0
9216,5
9217,5
9218,5
9219,6
9220,4
9221,3
9222,2
9223,3
9224,3
9225,2
9226,5
9227,6
9228,4
9229,5
9230,3
9231,3
9232,2
9233,3
9234,4
9235,5
9236,2
9237,4
9238,3
9239,4
9240,6
9241,6
9242,5
9243,2
9244,4
9245,3
9246,7
9247,4
9248,5
9249,4
9250,2
9251,6
9252,4
9253,2
9254,5
9255,3
9256,4
9257,5
9258,2
9259,2
9260,3
9261,6
9262,3
9263,6
9264,4
9265,6
9266,4
9267,2
9268,2
9269,4
9270,6
9271,6
9272,6
9273,4
9274,2
9275,6
9276,1
9277,3
9278,0
9279,2
9280,6
9281,5
9282,6
9283,3
9284,5
9285,5
9286,7
9287,5
9288,5
9289,3
9290,3
9291,5
9292,2
9293,4
9294,5
9295,7
9296,0
9297,5
9298,5
9299,3
9300,1
9301,3
9302,4
9303,7
9304,4
9305,5
9306,4
9307,6
9308,5
9309,3
9310,5
9311,4
9312,2
9313,4
9314,1
9315,7
9316,4
9317,5
9318,5
9319,1
9320,9
9321,2
9322,3
9323,3
9324,3
9325,7
9326,4
9327,8
9328,4
9329,5
9330,7
9331,2
9332,10
9333,7
9334,3
9335,5
9336,2
9337,6
9338,3
9339,5
9340,5
9341,5
9342,5
9343,9
9344,4
9345,4
9346,5
9347,3
9348,6
9349,3
9350,5
9351,5
9352,2
9353,4
9354,1
9355,4
9356,4
9357,6
9358,4
9359,5
9360,5
9361,4
9362,7
9363,2
9364,8
9365,1
9366,5
9367,3
9368,1
9369,7
9370,8
9371,6
9372,8
9373,7
9374,6
9375,4
9376,5
9377,1
9378,4
9379,3
9380,2
9381,6
9382,2
9383,6
9384,4
9385,6
9386,5
9387,4
9388,6
9389,4
9390,1
9391,8
9392,6
9393,4
9394,5
9395,3
9396,3
9397,5
9398,2
9399,3
9400,3
9401,7
9402,4
9403,6
9404,4
9405,4
9406,3
9407,5
9408,6
9409,3
9410,6
9411,5
9412,8
9413,6
9414,5
9415,3
9416,5
9417,4
9418,3
9419,3
9420,4
9421,3
9422,5
9423,3
9424,4
9425,5
9426,4
9427,4
9428,4
9429,5
9430,1
9431,7
9432,5
9433,5
9434,1
9435,5
9436,1
9437,3
9438,5
9439,4
9440,3
9441,4
9442,2
9443,1
9444,2
9445,2
9446,4
9447,7
9448,4
9449,3
9450,5
9451,2
9452,5
9453,9
9454,4
9455,4
9456,5
9457,4
9458,7
9459,4
9460,7
9461,4
9462,4
9463,2
9464,3
9465,10
9466,7
9467,2
9468,5
9469,2
9470,2
9471,4
9472,1
9473,2
9474,4
9475,3
9476,3
9477,5
9478,3
9479,6
9480,1
9481,6
9482,4
9483,4
9484,7
9485,4
9486,2
9487,7
9488,2
9489,9
9490,5
9491,2
9492,6
9493,7
9494,5
9495,6
9496,5
9497,4
9498,3
9499,5
9500,4
9501,4
9502,6
9503,3
9504,7
9505,5
9506,7
9507,2
9508,4
9509,2
9510,4
9511,2
9512,4
9513,3
9514,4
9515,5
9516,2
9517,5
9518,6
9519,3
9520,2
9521,2
9522,3
9523,5
9524,2
9525,8
9526,1
9527,3
9528,5
9529,3
9530,6
9531,4
9532,3
9533,6
9534,4
9535,4
9536,3
9537,4
9538,3
9539,6
9540,3
9541,4
9542,7
9543,4
9544,6
9545,7
9546,5
9547,4
9548,6
9549,6
9550,4
9551,3
9552,2
9553,2
9554,1
9555,4
9556,10
9557,2
9558,8
9559,4
9560,5
9561,2
9562,5
9563,7
9564,3
9565,2
9566,3
9567,7
9568,3
9569,4
9570,4
9571,3
9572,3
9573,2
9574,6
9575,7
9576,2
9577,7
9578,3
9579,2
9580,4
9581,5
9582,6
9583,5
9584,2
9585,4
9586,6
9587,3
9588,3
9589,1
9590,4
9591,3
9592,7
9593,3
9594,3
9595,5
9596,5
9597,3
9598,1
9599,3
9600,4
9601,3
9602,2
9603,3
9604,6
9605,2
9606,3
9607,5
9608,5
9609,4
9610,2
9611,9
9612,4
9613,1
9614,4
9615,4
9616,5
9617,0
9618,5
9619,2
9620,2
9621,4
9622,6
9623,3
9624,4
9625,6
9626,2
9627,2
9628,4
9629,9
9630,5
9631,4
9632,4
9633,6
9634,5
9635,2
9636,3
9637,4
9638,7
9639,4
9640,2
9641,4
9642,5
9643,5
9644,7
9645,5
9646,6
9647,3
9648,5
9649,3
9650,6
9651,4
9652,4
9653,7
9654,2
9655,3
9656,3
9657,6
9658,5
9659,2
9660,3
9661,2
9662,2
9663,5
9664,8
9665,1
9666,7
9667,2
9668,3
9669,5
9670,3
9671,5
9672,4
9673,4
9674,5
9675,5
9676,4
9677,4
9678,5
9679,4
9680,2
9681,5
9682,5
9683,2
9684,3
9685,4
9686,6
9687,3
9688,5
9689,0
9690,5
9691,6
9692,4
9693,8
9694,2
9695,3
9696,5
9697,3
9698,3
9699,3
9700,4
9701,1
9702,4
9703,2
9704,4
9705,2
9706,2
9707,5
9708,5
9709,4
9710,2
9711,4
9712,7
9713,6
9714,10
9715,4
9716,3
9717,4
9718,8
9719,2
9720,3
9721,3
9722,3
9723,3
9724,9
9725,7
9726,6
9727,2
9728,4
9729,4
9730,6
9731,3
9732,2
9733,4
9734,2
9735,6
9736,4
9737,5
9738,3
9739,8
9740,7
9741,4
9742,4
9743,1
9744,7
9745,6
9746,4
9747,1
9748,4
9749,4
9750,2
9751,3
9752,2
9753,6
9754,4
9755,5
9756,4
9757,2
9758,1
9759,2
9760,3
9761,5
9762,4
9763,5
9764,8
9765,2
9766,5
9767,3
9768,3
9769,5
9770,2
9771,5
9772,5
9773,4
9774,3
9775,5
9776,3
9777,5
9778,4
9779,4
9780,8
9781,5
9782,5
9783,3
9784,3
9785,6
9786,4
9787,2
9788,3
9789,5
9790,4
9791,3
9792,5
9793,4
9794,6
9795,9
9796,4
9797,6
9798,8
9799,4
9800,3
9801,6
9802,3
9803,6
9804,6
9805,1
9806,2
9807,1
9808,2
9809,5
9810,3
9811,3
9812,5
9813,3
9814,1
9815,6
9816,2
9817,4
9818,5
9819,5
9820,4
9821,6
9822,5
9823,6
9824,2
9825,3
9826,3
9827,5
9828,6
9829,4
9830,8
9831,4
9832,0
9833,6
9834,4
9835,8
9836,4
9837,4
9838,4
9839,6
9840,2
9841,2
9842,4
9843,3
9844,6
9845,4
9846,4
9847,4
9848,3
9849,3
9850,5
9851,4
9852,3
9853,2
9854,8
9855,6
9856,4
9857,3
9858,5
9859,1
9860,4
9861,6
9862,2
9863,2
9864,8
9865,4
9866,7
9867,2
9868,2
9869,6
9870,8
9871,4
9872,4
9873,2
9874,6
9875,4
9876,7
9877,5
9878,6
9879,3
9880,5
9881,3
9882,3
9883,4
9884,3
9885,5
9886,2
9887,2
9888,10
9889,4
9890,5
9891,7
9892,1
9893,6
9894,4
9895,3
9896,2
9897,5
9898,6
9899,4
9900,2
9901,5
9902,3
9903,7
9904,6
9905,4
9906,4
9907,6
9908,5
9909,6
9910,4
9911,4
9912,2
9913,2
9914,2
9915,5
9916,3
9917,6
9918,3
9919,4
9920,3
9921,2
9922,6
9923,3
9924,3
9925,6
9926,3
9927,5
9928,4
9929,6
9930,4
9931,6
9932,6
9933,4
9934,5
9935,3
9936,2
9937,7
9938,5
9939,3
9940,1
9941,2
9942,4
9943,4
9944,5
9945,3
9946,5
9947,6
9948,7
9949,11
9950,9
9951,5
9952,5
9953,6
9954,5
9955,4
9956,3
9957,4
9958,5
9959,6
9960,4
9961,6
9962,6
9963,6
9964,2
9965,3
9966,4
9967,1
9968,3
9969,3
9970,7
9971,2
9972,3
9973,4
9974,5
9975,3
9976,7
9977,4
9978,1
9979,2
9980,5
9981,3
9982,5
9983,4
9984,5
9985,4
9986,5
9987,5
9988,2
9989,5
9990,2
9991,4
9992,9
9993,7
9994,1
9995,6
9996,5
9997,7
9998,5
